code,int
<NA>,0
00.13,1
00.14,2
00.17,3
00.40,4
00.41,5
00.42,6
00.43,7
00.45,8
00.46,9
00.48,10
00.51,11
00.66,12
01.02,13
03.31,14
03.90,15
03.91,16
03.95,17
04.12,18
04.79,19
06.2,20
06.99,21
07.22,22
08.70,23
12.12,24
16.21,25
16.39,26
16.82,27
16.99,28
17.32,29
17.33,30
17.34,31
17.35,32
17.36,33
18.11,34
18.79,35
21.00,36
21.01,37
21.02,38
21.81,39
21.85,40
21.87,41
23.01,42
23.09,43
23.19,44
23.5,45
27.0,46
27.49,47
27.52,48
28.0,49
29.51,50
31.1,51
31.29,52
31.42,53
31.71,54
32.29,55
32.30,56
33.1,57
33.22,58
33.23,59
33.24,60
33.28,61
33.43,62
33.99,63
34.02,64
34.04,65
34.06,66
34.09,67
34.20,68
34.24,69
34.51,70
34.52,71
34.6,72
34.71,73
34.73,74
34.82,75
34.84,76
34.89,77
34.91,78
36.06,79
36.07,80
37.0,81
37.12,82
37.20,83
37.24,84
37.49,85
37.71,86
37.72,87
37.75,88
37.76,89
37.78,90
37.80,91
37.81,92
37.82,93
37.83,94
37.87,95
37.94,96
38.08,97
38.67,98
38.80,99
38.83,100
38.86,101
38.87,102
38.88,103
38.89,104
38.91,105
38.92,106
38.93,107
38.95,108
38.97,109
38.99,110
39.29,111
39.30,112
39.31,113
39.32,114
39.53,115
39.59,116
39.95,117
39.98,118
39.99,119
40.0,120
40.11,121
40.19,122
40.23,123
40.24,124
40.29,125
40.3,126
40.50,127
40.51,128
40.59,129
41.1,130
41.43,131
41.5,132
41.95,133
42.23,134
42.24,135
42.25,136
42.33,137
42.40,138
42.42,139
42.52,140
42.53,141
42.54,142
42.59,143
42.81,144
42.82,145
42.89,146
42.92,147
42.99,148
43.0,149
43.11,150
43.19,151
43.41,152
43.7,153
43.82,154
43.89,155
43.99,156
44.13,157
44.14,158
44.15,159
44.29,160
44.31,161
44.38,162
44.39,163
44.40,164
44.41,165
44.42,166
44.43,167
44.61,168
44.64,169
44.67,170
44.69,171
44.93,172
44.95,173
44.99,174
45.01,175
45.02,176
45.13,177
45.14,178
45.16,179
45.23,180
45.25,181
45.33,182
45.41,183
45.42,184
45.50,185
45.51,186
45.61,187
45.62,188
45.72,189
45.73,190
45.74,191
45.75,192
45.76,193
45.79,194
45.81,195
45.82,196
45.90,197
45.91,198
45.92,199
45.93,200
45.94,201
46.01,202
46.03,203
46.10,204
46.11,205
46.13,206
46.20,207
46.21,208
46.23,209
46.31,210
46.39,211
46.40,212
46.41,213
46.42,214
46.43,215
46.51,216
46.52,217
46.71,218
46.72,219
46.73,220
46.74,221
46.75,222
46.79,223
46.82,224
46.85,225
46.93,226
47.01,227
47.09,228
47.19,229
47.2,230
48.1,231
48.24,232
48.25,233
48.35,234
48.36,235
48.51,236
48.62,237
48.63,238
48.69,239
48.71,240
48.73,241
48.74,242
48.76,243
48.79,244
48.81,245
49.01,246
49.02,247
49.11,248
49.12,249
49.22,250
49.39,251
49.45,252
49.46,253
49.47,254
49.6,255
49.93,256
50.0,257
50.11,258
50.12,259
50.14,260
50.19,261
50.22,262
50.25,263
50.29,264
50.4,265
50.61,266
50.69,267
51.03,268
51.10,269
51.12,270
51.13,271
51.14,272
51.21,273
51.22,274
51.23,275
51.24,276
51.32,277
51.34,278
51.37,279
51.39,280
51.41,281
51.43,282
51.49,283
51.51,284
51.69,285
51.71,286
51.79,287
51.84,288
51.85,289
51.87,290
51.88,291
51.95,292
51.99,293
52.09,294
52.12,295
52.52,296
52.53,297
52.6,298
52.7,299
52.93,300
52.95,301
52.96,302
53.00,303
53.01,304
53.03,305
53.04,306
53.05,307
53.10,308
53.15,309
53.16,310
53.17,311
53.21,312
53.29,313
53.41,314
53.42,315
53.43,316
53.49,317
53.51,318
53.59,319
53.61,320
53.62,321
53.69,322
53.71,323
53.72,324
53.75,325
53.80,326
53.81,327
53.9,328
54.0,329
54.11,330
54.12,331
54.19,332
54.21,333
54.23,334
54.24,335
54.25,336
54.4,337
54.51,338
54.59,339
54.61,340
54.62,341
54.63,342
54.64,343
54.72,344
54.73,345
54.75,346
54.91,347
54.98,348
54.99,349
55.01,350
55.02,351
55.03,352
55.04,353
55.11,354
55.31,355
55.4,356
55.51,357
55.52,358
55.54,359
55.81,360
55.82,361
55.87,362
55.93,363
56.0,364
56.2,365
56.31,366
56.51,367
56.82,368
56.89,369
57.0,370
57.17,371
57.18,372
57.19,373
57.32,374
57.33,375
57.49,376
57.59,377
57.6,378
57.71,379
57.81,380
57.89,381
57.93,382
57.94,383
57.95,384
58.0,385
58.39,386
58.49,387
58.5,388
58.6,389
58.99,390
59.00,391
59.02,392
59.4,393
59.5,394
59.79,395
59.8,396
59.94,397
59.99,398
60.29,399
60.3,400
60.5,401
60.61,402
61.0,403
61.2,404
61.49,405
62.12,406
62.3,407
62.41,408
62.5,409
63.1,410
64.0,411
64.2,412
65.09,413
65.12,414
65.21,415
65.23,416
65.25,417
65.29,418
65.31,419
65.39,420
65.41,421
65.49,422
65.51,423
65.52,424
65.53,425
65.61,426
65.62,427
65.63,428
65.64,429
65.79,430
65.81,431
65.89,432
65.91,433
65.95,434
65.99,435
66.01,436
66.02,437
66.11,438
66.21,439
66.29,440
66.31,441
66.32,442
66.39,443
66.4,444
66.51,445
66.52,446
66.62,447
66.63,448
66.69,449
66.92,450
67.11,451
67.19,452
67.2,453
67.32,454
67.33,455
67.39,456
67.59,457
68.11,458
68.12,459
68.16,460
68.19,461
68.23,462
68.29,463
68.31,464
68.39,465
68.41,466
68.49,467
68.59,468
68.61,469
68.69,470
68.9,471
69.02,472
69.09,473
69.19,474
69.22,475
69.29,476
69.41,477
69.49,478
69.52,479
69.59,480
69.96,481
69.97,482
69.99,483
70.0,484
70.21,485
70.29,486
70.50,487
70.51,488
70.52,489
70.54,490
70.71,491
70.73,492
70.79,493
70.8,494
70.91,495
70.92,496
71.09,497
71.11,498
71.22,499
71.23,500
71.24,501
71.3,502
71.61,503
71.62,504
71.79,505
71.8,506
72.0,507
72.1,508
72.31,509
72.39,510
72.8,511
72.9,512
73.01,513
73.09,514
73.1,515
73.4,516
73.59,517
73.6,518
73.91,519
73.99,520
74.0,521
74.1,522
74.3,523
75.1,524
75.32,525
75.34,526
75.4,527
75.50,528
75.69,529
75.7,530
75.92,531
75.94,532
75.99,533
76.93,534
77.11,535
77.31,536
77.35,537
77.38,538
77.99,539
80.99,540
81.85,541
82.12,542
83.14,543
83.39,544
83.45,545
83.49,546
83.64,547
83.65,548
83.82,549
84.01,550
84.03,551
84.11,552
84.12,553
84.13,554
84.14,555
84.15,556
84.17,557
84.3,558
85.0,559
85.12,560
85.20,561
85.21,562
85.23,563
85.31,564
85.32,565
85.41,566
85.43,567
85.44,568
85.45,569
85.47,570
85.53,571
85.54,572
85.6,573
85.70,574
85.84,575
85.89,576
85.94,577
86.01,578
86.03,579
86.04,580
86.05,581
86.07,582
86.09,583
86.11,584
86.19,585
86.21,586
86.22,587
86.23,588
86.26,589
86.28,590
86.3,591
86.4,592
86.59,593
86.60,594
86.62,595
86.66,596
86.67,597
86.69,598
86.70,599
86.71,600
86.72,601
86.73,602
86.74,603
86.75,604
86.83,605
86.84,606
86.87,607
86.89,608
87.03,609
87.09,610
87.12,611
87.16,612
87.17,613
87.22,614
87.24,615
87.37,616
87.41,617
87.42,618
87.43,619
87.44,620
87.49,621
87.53,622
87.54,623
87.71,624
87.72,625
87.74,626
87.75,627
87.79,628
88.01,629
88.19,630
88.21,631
88.22,632
88.23,633
88.24,634
88.26,635
88.27,636
88.28,637
88.29,638
88.33,639
88.37,640
88.38,641
88.39,642
88.40,643
88.41,644
88.42,645
88.43,646
88.44,647
88.47,648
88.48,649
88.49,650
88.57,651
88.65,652
88.71,653
88.72,654
88.73,655
88.74,656
88.75,657
88.76,658
88.77,659
88.78,660
88.79,661
88.84,662
88.91,663
88.92,664
88.93,665
88.95,666
88.97,667
89.01,668
89.02,669
89.03,670
89.05,671
89.06,672
89.07,673
89.08,674
89.13,675
89.14,676
89.26,677
89.29,678
89.31,679
89.34,680
89.37,681
89.39,682
89.41,683
89.45,684
89.50,685
89.51,686
89.52,687
89.54,688
89.58,689
89.59,690
89.61,691
89.62,692
89.65,693
89.66,694
89.7,695
90.01,696
90.02,697
90.03,698
90.09,699
90.22,700
90.23,701
90.29,702
90.32,703
90.33,704
90.35,705
90.39,706
90.41,707
90.42,708
90.43,709
90.49,710
90.51,711
90.52,712
90.53,713
90.59,714
90.69,715
90.81,716
90.84,717
90.89,718
90.91,719
90.92,720
90.93,721
90.99,722
91.02,723
91.03,724
91.09,725
91.11,726
91.12,727
91.13,728
91.19,729
91.22,730
91.23,731
91.29,732
91.31,733
91.32,734
91.33,735
91.39,736
91.42,737
91.43,738
91.49,739
91.52,740
91.53,741
91.59,742
91.62,743
91.63,744
91.69,745
91.72,746
91.73,747
91.79,748
91.82,749
91.83,750
91.89,751
92.03,752
92.14,753
92.18,754
92.33,755
93.01,756
93.04,757
93.05,758
93.09,759
93.11,760
93.12,761
93.13,762
93.14,763
93.17,764
93.18,765
93.19,766
93.22,767
93.23,768
93.24,769
93.27,770
93.39,771
93.52,772
93.53,773
93.54,774
93.57,775
93.59,776
93.74,777
93.75,778
93.81,779
93.82,780
93.83,781
93.84,782
93.89,783
93.90,784
93.91,785
93.93,786
93.94,787
93.96,788
93.98,789
93.99,790
94.08,791
94.09,792
94.11,793
94.12,794
94.13,795
94.19,796
94.22,797
94.25,798
94.27,799
94.35,800
94.39,801
94.42,802
94.44,803
94.49,804
94.52,805
94.64,806
94.65,807
95.09,808
95.11,809
95.47,810
96.01,811
96.04,812
96.06,813
96.07,814
96.08,815
96.09,816
96.27,817
96.33,818
96.35,819
96.36,820
96.37,821
96.38,822
96.39,823
96.43,824
96.47,825
96.48,826
96.49,827
96.51,828
96.54,829
96.55,830
96.56,831
96.58,832
96.59,833
96.6,834
96.70,835
96.71,836
96.72,837
97.02,838
97.05,839
97.23,840
97.37,841
97.41,842
97.49,843
97.55,844
97.56,845
97.59,846
97.62,847
97.63,848
97.64,849
97.65,850
97.69,851
97.71,852
97.79,853
97.82,854
97.83,855
97.86,856
97.89,857
98.02,858
98.05,859
98.19,860
98.20,861
98.22,862
98.51,863
99.04,864
99.05,865
99.07,866
99.08,867
99.09,868
99.10,869
99.11,870
99.13,871
99.15,872
99.16,873
99.17,874
99.18,875
99.19,876
99.21,877
99.22,878
99.23,879
99.24,880
99.25,881
99.26,882
99.29,883
99.33,884
99.36,885
99.37,886
99.38,887
99.39,888
99.44,889
99.55,890
99.56,891
99.59,892
99.60,893
99.62,894
99.63,895
99.69,896
99.75,897
99.82,898
99.83,899
99.84,900
99.96,901
99.98,902
99.99,903
A02.0,904
A02.8,905
A04.7,906
A04.8,907
A04.9,908
A05.9,909
A06.0,910
A08.0,911
A08.2,912
A08.3,913
A08.4,914
A09.0,915
A09.9,916
A15.0,917
A15.1,918
A15.3,919
A15.6,920
A16.2,921
A16.9,922
A18.0,923
A18.4,924
A19.2,925
A32.9,926
A37.0,927
A38,928
A40.3,929
A41.0,930
A41.1,931
A41.2,932
A41.4,933
A41.5,934
A41.8,935
A41.9,936
A46,937
A48.1,938
A48.8,939
A49.0,940
A49.1,941
A49.2,942
A49.8,943
A49.9,944
A50.0,945
A50.1,946
A50.2,947
A50.9,948
A51.4,949
A52.3,950
A52.7,951
A52.8,952
A53.0,953
A53.9,954
A54.1,955
A54.8,956
A54.9,957
A60.0,958
A63.0,959
A81.2,960
B00.1,961
B00.2,962
B00.4,963
B00.9,964
B02.2,965
B02.3,966
B02.8,967
B02.9,968
B08.1,969
B08.2,970
B08.4,971
B08.5,972
B16.9,973
B17.1,974
B18.1,975
B19.9,976
B20.0,977
B20.1,978
B20.2,979
B20.4,980
B20.6,981
B21.0,982
B22.2,983
B24,984
B25.9,985
B34.8,986
B35.1,987
B35.3,988
B35.4,989
B35.6,990
B36.9,991
B37.0,992
B37.1,993
B37.2,994
B37.3,995
B37.4,996
B37.6,997
B37.7,998
B37.8,999
B37.9,1000
B44.0,1001
B44.1,1002
B44.9,1003
B57.1,1004
B57.2,1005
B67.8,1006
B80,1007
B85.0,1008
B85.2,1009
B86,1010
B87.0,1011
B87.1,1012
B87.8,1013
B87.9,1014
B90.8,1015
B90.9,1016
B91,1017
B94.8,1018
B94.9,1019
B95.1,1020
B95.2,1021
B95.3,1022
B95.4,1023
B95.5,1024
B95.6,1025
B95.7,1026
B95.8,1027
B96.1,1028
B96.2,1029
B96.3,1030
B96.4,1031
B96.5,1032
B96.7,1033
B96.8,1034
B97.0,1035
B97.1,1036
B97.4,1037
B97.7,1038
B97.8,1039
B98.0,1040
C02.9,1041
C06.2,1042
C15.0,1043
C15.1,1044
C15.4,1045
C15.5,1046
C15.9,1047
C16.0,1048
C16.1,1049
C16.2,1050
C16.3,1051
C16.9,1052
C17.0,1053
C17.1,1054
C18.0,1055
C18.1,1056
C18.2,1057
C18.3,1058
C18.4,1059
C18.6,1060
C18.7,1061
C18.9,1062
C19,1063
C20,1064
C22.0,1065
C22.1,1066
C23,1067
C24.0,1068
C24.1,1069
C24.9,1070
C25.0,1071
C25.2,1072
C25.3,1073
C25.9,1074
C32.9,1075
C34.1,1076
C34.9,1077
C37,1078
C38.4,1079
C43.5,1080
C43.6,1081
C43.7,1082
C43.8,1083
C43.9,1084
C44.0,1085
C44.2,1086
C44.3,1087
C44.6,1088
C44.9,1089
C45.9,1090
C48.2,1091
C49.3,1092
C50.2,1093
C50.5,1094
C50.9,1095
C53.0,1096
C53.9,1097
C54.1,1098
C55,1099
C56,1100
C57.4,1101
C60.1,1102
C60.2,1103
C60.9,1104
C61,1105
C62.9,1106
C64,1107
C65,1108
C66,1109
C67.9,1110
C71.0,1111
C72.0,1112
C73,1113
C75.1,1114
C76.3,1115
C76.4,1116
C77.0,1117
C77.9,1118
C78.0,1119
C78.1,1120
C78.2,1121
C78.5,1122
C78.6,1123
C78.7,1124
C78.8,1125
C79.1,1126
C79.3,1127
C79.5,1128
C79.6,1129
C79.7,1130
C79.8,1131
C80.0,1132
C80.9,1133
C81.9,1134
C84.0,1135
C84.8,1136
C85.1,1137
C85.9,1138
C90.0,1139
C91.0,1140
C91.1,1141
C91.7,1142
C92.1,1143
C92.9,1144
C95.9,1145
D01.7,1146
D02.2,1147
D03.6,1148
D05.0,1149
D06.0,1150
D06.9,1151
D12.4,1152
D12.6,1153
D13.0,1154
D13.5,1155
D13.6,1156
D14.1,1157
D15.1,1158
D16.4,1159
D16.8,1160
D17.0,1161
D17.1,1162
D17.2,1163
D17.3,1164
D17.5,1165
D17.7,1166
D17.9,1167
D18.0,1168
D18.1,1169
D20.0,1170
D21.6,1171
D22.5,1172
D22.6,1173
D22.7,1174
D22.9,1175
D24,1176
D25.0,1177
D25.1,1178
D25.2,1179
D25.9,1180
D26.7,1181
D26.9,1182
D27,1183
D28.0,1184
D28.2,1185
D29.1,1186
D30.0,1187
D32.9,1188
D33.3,1189
D35.0,1190
D35.2,1191
D37.0,1192
D37.1,1193
D37.4,1194
D37.5,1195
D37.6,1196
D37.7,1197
D38.0,1198
D38.1,1199
D39.0,1200
D39.1,1201
D39.7,1202
D40.0,1203
D40.1,1204
D41.0,1205
D41.4,1206
D43.0,1207
D43.1,1208
D44.0,1209
D44.1,1210
D45,1211
D46.4,1212
D46.9,1213
D47.1,1214
D47.3,1215
D47.9,1216
D48.0,1217
D48.1,1218
D48.3,1219
D48.4,1220
D48.5,1221
D48.6,1222
D48.7,1223
D48.9,1224
D50.0,1225
D50.8,1226
D50.9,1227
D51.0,1228
D51.3,1229
D51.8,1230
D52.9,1231
D53.1,1232
D53.9,1233
D56.9,1234
D57.0,1235
D57.1,1236
D58.0,1237
D59.1,1238
D59.3,1239
D59.4,1240
D59.5,1241
D59.9,1242
D61.8,1243
D61.9,1244
D62,1245
D63.0,1246
D63.8,1247
D64.8,1248
D64.9,1249
D65,1250
D66,1251
D68.0,1252
D68.2,1253
D68.3,1254
D68.4,1255
D68.5,1256
D68.6,1257
D68.8,1258
D68.9,1259
D69.0,1260
D69.2,1261
D69.3,1262
D69.4,1263
D69.5,1264
D69.6,1265
D69.8,1266
D69.9,1267
D70,1268
D72.1,1269
D72.8,1270
D73.0,1271
D73.1,1272
D73.3,1273
D73.5,1274
D75.1,1275
D75.8,1276
D75.9,1277
D76.2,1278
D82.1,1279
D82.3,1280
D84.1,1281
D84.8,1282
D84.9,1283
D89.1,1284
D89.3,1285
E02,1286
E03.8,1287
E03.9,1288
E04.0,1289
E04.1,1290
E04.2,1291
E04.8,1292
E04.9,1293
E05.0,1294
E05.9,1295
E06.1,1296
E06.3,1297
E06.5,1298
E06.9,1299
E07.8,1300
E10.1,1301
E10.2,1302
E10.4,1303
E10.5,1304
E10.6,1305
E10.7,1306
E10.8,1307
E10.9,1308
E11.0,1309
E11.1,1310
E11.2,1311
E11.3,1312
E11.4,1313
E11.5,1314
E11.6,1315
E11.7,1316
E11.8,1317
E11.9,1318
E13.2,1319
E13.3,1320
E13.4,1321
E13.5,1322
E13.9,1323
E14.1,1324
E14.5,1325
E14.7,1326
E14.9,1327
E16.0,1328
E16.1,1329
E16.2,1330
E21.0,1331
E21.1,1332
E21.2,1333
E21.3,1334
E21.4,1335
E22.0,1336
E22.1,1337
E22.2,1338
E23.0,1339
E23.2,1340
E23.6,1341
E24.2,1342
E24.8,1343
E24.9,1344
E25.0,1345
E27.1,1346
E27.2,1347
E27.4,1348
E27.8,1349
E28.2,1350
E28.3,1351
E30.1,1352
E31.0,1353
E34.8,1354
E34.9,1355
E43,1356
E44.0,1357
E44.1,1358
E46,1359
E51.2,1360
E53.8,1361
E53.9,1362
E55.9,1363
E56.8,1364
E56.9,1365
E61.1,1366
E61.9,1367
E66.0,1368
E66.1,1369
E66.2,1370
E66.8,1371
E66.9,1372
E71.3,1373
E73.8,1374
E73.9,1375
E74.3,1376
E74.8,1377
E74.9,1378
E75.5,1379
E77.8,1380
E78.0,1381
E78.1,1382
E78.2,1383
E78.4,1384
E78.5,1385
E78.8,1386
E78.9,1387
E79.0,1388
E80.2,1389
E80.4,1390
E80.6,1391
E83.1,1392
E83.3,1393
E83.4,1394
E83.5,1395
E85.0,1396
E85.9,1397
E86,1398
E87.0,1399
E87.1,1400
E87.2,1401
E87.3,1402
E87.4,1403
E87.5,1404
E87.6,1405
E87.8,1406
E88.0,1407
E88.1,1408
E88.2,1409
E88.8,1410
E88.9,1411
E89.0,1412
E89.2,1413
E89.3,1414
F00.1,1415
F00.9,1416
F01.1,1417
F01.9,1418
F02.3,1419
F03,1420
F05.1,1421
F05.8,1422
F05.9,1423
F06.1,1424
F06.2,1425
F06.7,1426
F06.8,1427
F06.9,1428
F07.0,1429
F09,1430
F10.0,1431
F10.1,1432
F10.2,1433
F10.3,1434
F10.4,1435
F10.5,1436
F10.6,1437
F10.9,1438
F11.1,1439
F11.2,1440
F11.3,1441
F12.0,1442
F12.1,1443
F12.2,1444
F12.3,1445
F12.7,1446
F12.9,1447
F13.0,1448
F13.2,1449
F13.3,1450
F13.4,1451
F14.0,1452
F14.1,1453
F14.2,1454
F14.3,1455
F14.4,1456
F14.5,1457
F14.9,1458
F15.0,1459
F15.2,1460
F15.3,1461
F16.0,1462
F16.2,1463
F17.0,1464
F17.1,1465
F17.2,1466
F17.3,1467
F17.8,1468
F17.9,1469
F18.2,1470
F19.0,1471
F19.1,1472
F19.2,1473
F19.3,1474
F19.4,1475
F19.5,1476
F19.9,1477
F20.0,1478
F20.1,1479
F20.2,1480
F20.5,1481
F20.6,1482
F20.9,1483
F22.0,1484
F23.2,1485
F23.3,1486
F23.8,1487
F23.9,1488
F25.2,1489
F25.9,1490
F29,1491
F30.1,1492
F30.2,1493
F30.9,1494
F31.0,1495
F31.1,1496
F31.2,1497
F31.3,1498
F31.4,1499
F31.5,1500
F31.6,1501
F31.7,1502
F31.8,1503
F31.9,1504
F32.0,1505
F32.1,1506
F32.2,1507
F32.3,1508
F32.8,1509
F32.9,1510
F33.2,1511
F33.9,1512
F34.1,1513
F38.8,1514
F39,1515
F40.0,1516
F40.2,1517
F41.0,1518
F41.1,1519
F41.2,1520
F41.3,1521
F41.8,1522
F41.9,1523
F42.9,1524
F43.0,1525
F43.1,1526
F43.2,1527
F43.8,1528
F43.9,1529
F44.0,1530
F44.8,1531
F44.9,1532
F45.8,1533
F45.9,1534
F50.0,1535
F50.2,1536
F50.8,1537
F50.9,1538
F51.0,1539
F60.0,1540
F60.1,1541
F60.2,1542
F60.3,1543
F60.4,1544
F60.5,1545
F60.7,1546
F60.8,1547
F60.9,1548
F61,1549
F63.0,1550
F63.3,1551
F63.8,1552
F63.9,1553
F64.0,1554
F64.8,1555
F68.1,1556
F69,1557
F70.1,1558
F70.9,1559
F71.1,1560
F71.8,1561
F71.9,1562
F72.9,1563
F79.9,1564
F80.1,1565
F80.8,1566
F80.9,1567
F81.2,1568
F82,1569
F83,1570
F84.0,1571
F84.1,1572
F84.5,1573
F84.8,1574
F84.9,1575
F88,1576
F89,1577
F90.0,1578
F91.2,1579
F91.8,1580
F91.9,1581
F93.9,1582
F95.2,1583
F98.0,1584
F99,1585
G00.2,1586
G00.8,1587
G03.9,1588
G04.8,1589
G04.9,1590
G05.1,1591
G08,1592
G09,1593
G11.9,1594
G12.2,1595
G12.9,1596
G20,1597
G21.0,1598
G21.1,1599
G24.0,1600
G24.8,1601
G24.9,1602
G25.0,1603
G25.2,1604
G25.3,1605
G25.5,1606
G25.8,1607
G25.9,1608
G30.1,1609
G30.9,1610
G31.2,1611
G31.8,1612
G31.9,1613
G32.8,1614
G36.0,1615
G37.4,1616
G40.0,1617
G40.2,1618
G40.3,1619
G40.4,1620
G40.5,1621
G40.8,1622
G40.9,1623
G41.0,1624
G41.8,1625
G41.9,1626
G43.0,1627
G43.1,1628
G43.9,1629
G44.2,1630
G45.3,1631
G45.4,1632
G45.9,1633
G46.5,1634
G46.6,1635
G46.7,1636
G46.8,1637
G47.0,1638
G47.3,1639
G47.4,1640
G47.8,1641
G47.9,1642
G50.0,1643
G51.0,1644
G51.9,1645
G53.0,1646
G54.0,1647
G56.0,1648
G58.8,1649
G59.0,1650
G61.0,1651
G61.9,1652
G62.1,1653
G62.8,1654
G62.9,1655
G63.2,1656
G70.8,1657
G70.9,1658
G71.0,1659
G71.1,1660
G71.2,1661
G72.8,1662
G72.9,1663
G80.1,1664
G80.2,1665
G80.8,1666
G80.9,1667
G81.0,1668
G81.1,1669
G81.9,1670
G82.1,1671
G82.2,1672
G82.3,1673
G82.4,1674
G82.5,1675
G83.1,1676
G83.2,1677
G83.4,1678
G83.8,1679
G83.9,1680
G90.9,1681
G91.2,1682
G91.3,1683
G91.9,1684
G92,1685
G93.0,1686
G93.1,1687
G93.2,1688
G93.4,1689
G93.5,1690
G93.6,1691
G93.8,1692
G93.9,1693
G94.1,1694
G94.8,1695
G95.1,1696
G95.2,1697
G95.8,1698
G97.0,1699
G97.1,1700
G98,1701
G99.2,1702
H00.1,1703
H01.0,1704
H02.3,1705
H02.4,1706
H03.1,1707
H04.1,1708
H05.0,1709
H05.2,1710
H10.0,1711
H10.3,1712
H10.9,1713
H11.3,1714
H13.1,1715
H15.8,1716
H16.0,1717
H16.2,1718
H16.9,1719
H18.8,1720
H26.9,1721
H28.0,1722
H33.2,1723
H33.5,1724
H35.0,1725
H35.1,1726
H36.0,1727
H40.2,1728
H40.8,1729
H40.9,1730
H43.1,1731
H44.0,1732
H44.2,1733
H47.1,1734
H47.2,1735
H50.0,1736
H50.9,1737
H51.8,1738
H52.1,1739
H52.2,1740
H52.4,1741
H53.2,1742
H53.3,1743
H53.4,1744
H53.8,1745
H53.9,1746
H54.0,1747
H54.3,1748
H54.4,1749
H54.6,1750
H54.9,1751
H57.0,1752
H58.8,1753
H60.1,1754
H65.4,1755
H66.9,1756
H70.9,1757
H72.9,1758
H81.1,1759
H81.3,1760
H81.8,1761
H81.9,1762
H90.3,1763
H91.3,1764
H91.8,1765
H91.9,1766
H92.2,1767
I00,1768
I05.0,1769
I05.1,1770
I05.2,1771
I05.8,1772
I05.9,1773
I06.0,1774
I07.1,1775
I07.8,1776
I08.0,1777
I08.1,1778
I08.3,1779
I10,1780
I11.0,1781
I11.9,1782
I13.0,1783
I13.1,1784
I13.2,1785
I13.9,1786
I15.0,1787
I15.8,1788
I15.9,1789
I20.0,1790
I20.8,1791
I20.9,1792
I21.0,1793
I21.1,1794
I21.2,1795
I21.3,1796
I21.4,1797
I21.9,1798
I22.9,1799
I24.8,1800
I24.9,1801
I25.0,1802
I25.1,1803
I25.2,1804
I25.5,1805
I25.8,1806
I25.9,1807
I26.0,1808
I26.9,1809
I27.0,1810
I27.2,1811
I27.9,1812
I28.8,1813
I30.9,1814
I31.3,1815
I31.9,1816
I32.8,1817
I33.0,1818
I33.9,1819
I34.0,1820
I34.1,1821
I35.0,1822
I35.1,1823
I35.2,1824
I35.8,1825
I38,1826
I39.8,1827
I42.0,1828
I42.2,1829
I42.8,1830
I42.9,1831
I44.0,1832
I44.1,1833
I44.2,1834
I44.3,1835
I44.6,1836
I44.7,1837
I45.1,1838
I45.2,1839
I45.3,1840
I45.4,1841
I45.5,1842
I45.6,1843
I45.8,1844
I46.0,1845
I46.9,1846
I47.1,1847
I47.2,1848
I48.0,1849
I48.1,1850
I48.2,1851
I48.3,1852
I48.9,1853
I49.0,1854
I49.4,1855
I49.5,1856
I49.8,1857
I49.9,1858
I50.0,1859
I50.1,1860
I50.9,1861
I51.0,1862
I51.3,1863
I51.4,1864
I51.5,1865
I51.7,1866
I51.8,1867
I51.9,1868
I60.2,1869
I60.6,1870
I60.8,1871
I60.9,1872
I61.0,1873
I61.1,1874
I61.2,1875
I61.4,1876
I61.5,1877
I61.8,1878
I61.9,1879
I62.0,1880
I62.9,1881
I63.2,1882
I63.3,1883
I63.4,1884
I63.5,1885
I63.6,1886
I63.8,1887
I63.9,1888
I64,1889
I65.0,1890
I65.2,1891
I65.3,1892
I66.0,1893
I66.3,1894
I67.0,1895
I67.1,1896
I67.2,1897
I67.4,1898
I67.8,1899
I67.9,1900
I68.8,1901
I69.0,1902
I69.2,1903
I69.3,1904
I69.4,1905
I69.8,1906
I70.00,1907
I70.10,1908
I70.20,1909
I70.21,1910
I70.80,1911
I70.90,1912
I71.0,1913
I71.1,1914
I71.2,1915
I71.3,1916
I71.4,1917
I71.5,1918
I71.6,1919
I71.8,1920
I71.9,1921
I72.0,1922
I72.2,1923
I72.3,1924
I72.4,1925
I72.6,1926
I72.8,1927
I72.9,1928
I73.0,1929
I73.9,1930
I74.0,1931
I74.1,1932
I74.2,1933
I74.3,1934
I74.4,1935
I74.5,1936
I74.8,1937
I74.9,1938
I77.1,1939
I77.2,1940
I77.3,1941
I77.5,1942
I77.6,1943
I77.8,1944
I77.9,1945
I78.1,1946
I79.2,1947
I79.8,1948
I80.0,1949
I80.1,1950
I80.2,1951
I80.3,1952
I80.8,1953
I81,1954
I82.0,1955
I82.2,1956
I82.3,1957
I82.8,1958
I82.9,1959
I83.0,1960
I83.1,1961
I83.2,1962
I83.9,1963
I85.0,1964
I85.9,1965
I86.1,1966
I86.4,1967
I87.0,1968
I87.1,1969
I87.2,1970
I87.8,1971
I88.0,1972
I88.9,1973
I89.0,1974
I89.1,1975
I89.8,1976
I89.9,1977
I95.1,1978
I95.9,1979
I97.8,1980
I98.1,1981
I98.2,1982
I98.3,1983
I98.8,1984
I99,1985
J00,1986
J01.1,1987
J01.3,1988
J01.4,1989
J01.9,1990
J02.8,1991
J02.9,1992
J03.9,1993
J04.0,1994
J05.0,1995
J06.8,1996
J06.9,1997
J09,1998
J10.0,1999
J10.1,2000
J10.8,2001
J11.0,2002
J11.1,2003
J12.0,2004
J12.1,2005
J12.2,2006
J12.3,2007
J12.8,2008
J12.9,2009
J13,2010
J14,2011
J15.0,2012
J15.1,2013
J15.2,2014
J15.3,2015
J15.4,2016
J15.5,2017
J15.6,2018
J15.8,2019
J15.9,2020
J16.8,2021
J17.0,2022
J17.2,2023
J18.0,2024
J18.1,2025
J18.8,2026
J18.9,2027
J20.4,2028
J20.5,2029
J20.6,2030
J20.8,2031
J20.9,2032
J21.0,2033
J21.1,2034
J21.8,2035
J21.9,2036
J22,2037
J30.4,2038
J31.0,2039
J31.2,2040
J32.4,2041
J32.9,2042
J33.9,2043
J34.8,2044
J35.1,2045
J35.2,2046
J36,2047
J37.0,2048
J38.4,2049
J38.5,2050
J38.7,2051
J39.0,2052
J39.2,2053
J39.8,2054
J40,2055
J42,2056
J43.1,2057
J43.2,2058
J43.9,2059
J44.0,2060
J44.1,2061
J44.8,2062
J44.9,2063
J45.0,2064
J45.1,2065
J45.8,2066
J45.9,2067
J46,2068
J47,2069
J62.8,2070
J67.8,2071
J69.0,2072
J80,2073
J81,2074
J84.1,2075
J84.8,2076
J84.9,2077
J85.0,2078
J85.1,2079
J85.2,2080
J86.0,2081
J86.9,2082
J90,2083
J91,2084
J92.9,2085
J93.0,2086
J93.1,2087
J93.8,2088
J93.9,2089
J94.2,2090
J94.8,2091
J95.0,2092
J95.5,2093
J95.8,2094
J96.00,2095
J96.01,2096
J96.09,2097
J96.10,2098
J96.11,2099
J96.19,2100
J96.90,2101
J96.91,2102
J96.99,2103
J98.0,2104
J98.1,2105
J98.2,2106
J98.4,2107
J98.8,2108
J98.9,2109
J99.0,2110
J99.1,2111
J99.8,2112
K00.6,2113
K02.8,2114
K02.9,2115
K03.9,2116
K04.0,2117
K04.7,2118
K05.0,2119
K05.2,2120
K05.3,2121
K06.8,2122
K08.8,2123
K09.1,2124
K11.7,2125
K12.2,2126
K20,2127
K21.0,2128
K21.9,2129
K22.0,2130
K22.1,2131
K22.2,2132
K22.3,2133
K22.6,2134
K22.7,2135
K22.8,2136
K22.9,2137
K25.0,2138
K25.1,2139
K25.3,2140
K25.4,2141
K25.5,2142
K25.6,2143
K25.7,2144
K25.9,2145
K26.0,2146
K26.1,2147
K26.3,2148
K26.4,2149
K26.5,2150
K26.7,2151
K26.9,2152
K27.0,2153
K27.1,2154
K27.2,2155
K27.4,2156
K27.5,2157
K27.9,2158
K28.5,2159
K29.0,2160
K29.1,2161
K29.2,2162
K29.4,2163
K29.5,2164
K29.6,2165
K29.7,2166
K29.8,2167
K29.9,2168
K31.0,2169
K31.1,2170
K31.5,2171
K31.7,2172
K31.8,2173
K31.9,2174
K35.2,2175
K35.3,2176
K35.8,2177
K37,2178
K38.1,2179
K38.3,2180
K38.8,2181
K40.0,2182
K40.2,2183
K40.3,2184
K40.9,2185
K41.3,2186
K41.9,2187
K42.0,2188
K42.1,2189
K42.9,2190
K43.0,2191
K43.1,2192
K43.2,2193
K43.3,2194
K43.5,2195
K43.6,2196
K43.9,2197
K44.0,2198
K44.9,2199
K45.0,2200
K45.8,2201
K46.0,2202
K46.9,2203
K50.0,2204
K50.1,2205
K50.8,2206
K50.9,2207
K51.0,2208
K51.5,2209
K51.8,2210
K51.9,2211
K52.2,2212
K52.3,2213
K52.8,2214
K52.9,2215
K55.0,2216
K55.1,2217
K55.8,2218
K55.9,2219
K56.0,2220
K56.2,2221
K56.4,2222
K56.5,2223
K56.6,2224
K56.7,2225
K57.0,2226
K57.1,2227
K57.2,2228
K57.3,2229
K57.9,2230
K58.9,2231
K59.0,2232
K59.3,2233
K59.8,2234
K60.0,2235
K60.1,2236
K60.2,2237
K60.3,2238
K60.5,2239
K61.0,2240
K61.1,2241
K61.2,2242
K61.3,2243
K61.4,2244
K62.1,2245
K62.3,2246
K62.4,2247
K62.5,2248
K62.6,2249
K62.8,2250
K63.0,2251
K63.1,2252
K63.2,2253
K63.5,2254
K63.8,2255
K63.9,2256
K64.0,2257
K64.1,2258
K64.2,2259
K64.3,2260
K64.8,2261
K64.9,2262
K65.0,2263
K65.8,2264
K65.9,2265
K66.0,2266
K66.1,2267
K66.8,2268
K67.1,2269
K70.0,2270
K70.1,2271
K70.3,2272
K70.4,2273
K70.9,2274
K71.0,2275
K71.1,2276
K71.6,2277
K71.8,2278
K71.9,2279
K72.0,2280
K72.1,2281
K72.9,2282
K73.9,2283
K74.3,2284
K74.5,2285
K74.6,2286
K75.0,2287
K75.4,2288
K75.8,2289
K75.9,2290
K76.0,2291
K76.1,2292
K76.6,2293
K76.7,2294
K76.8,2295
K76.9,2296
K77.0,2297
K77.8,2298
K80.0,2299
K80.1,2300
K80.2,2301
K80.3,2302
K80.4,2303
K80.5,2304
K80.8,2305
K81.0,2306
K81.1,2307
K81.8,2308
K81.9,2309
K82.0,2310
K82.1,2311
K82.2,2312
K82.3,2313
K82.4,2314
K82.8,2315
K82.9,2316
K83.0,2317
K83.1,2318
K83.3,2319
K83.8,2320
K83.9,2321
K85.0,2322
K85.1,2323
K85.2,2324
K85.8,2325
K85.9,2326
K86.0,2327
K86.1,2328
K86.2,2329
K86.3,2330
K86.8,2331
K87.0,2332
K90.0,2333
K90.4,2334
K90.8,2335
K90.9,2336
K91.0,2337
K91.1,2338
K91.3,2339
K91.4,2340
K91.8,2341
K92.0,2342
K92.1,2343
K92.2,2344
K92.8,2345
K92.9,2346
L01.0,2347
L02.0,2348
L02.1,2349
L02.2,2350
L02.3,2351
L02.4,2352
L02.8,2353
L02.9,2354
L03.0,2355
L03.1,2356
L03.2,2357
L03.3,2358
L03.8,2359
L03.9,2360
L04.3,2361
L04.8,2362
L05.0,2363
L05.9,2364
L08.8,2365
L08.9,2366
L20.8,2367
L20.9,2368
L21.0,2369
L21.1,2370
L21.9,2371
L22,2372
L24.8,2373
L24.9,2374
L25.9,2375
L27.0,2376
L27.1,2377
L27.9,2378
L28.0,2379
L28.2,2380
L29.0,2381
L29.9,2382
L30.2,2383
L30.4,2384
L30.8,2385
L30.9,2386
L40.0,2387
L40.5,2388
L40.8,2389
L40.9,2390
L42,2391
L44.4,2392
L50.0,2393
L50.1,2394
L50.8,2395
L50.9,2396
L51.2,2397
L52,2398
L53.9,2399
L55.0,2400
L60.0,2401
L65.0,2402
L65.9,2403
L70.9,2404
L71.9,2405
L72.0,2406
L72.1,2407
L72.8,2408
L73.2,2409
L73.9,2410
L74.0,2411
L74.1,2412
L80,2413
L83,2414
L85.3,2415
L85.8,2416
L85.9,2417
L89.0,2418
L89.1,2419
L89.2,2420
L89.3,2421
L89.9,2422
L90.5,2423
L91.0,2424
L92.3,2425
L92.8,2426
L92.9,2427
L93.0,2428
L94.0,2429
L94.1,2430
L97,2431
L98.1,2432
L98.3,2433
L98.4,2434
L98.8,2435
L99.8,2436
M00.92,2437
M00.95,2438
M02.90,2439
M05.18,2440
M05.19,2441
M05.29,2442
M06.99,2443
M07.39,2444
M08.09,2445
M08.99,2446
M10.09,2447
M10.99,2448
M11.22,2449
M13.09,2450
M13.94,2451
M13.99,2452
M14.6,2453
M15.0,2454
M15.3,2455
M15.9,2456
M16.0,2457
M16.1,2458
M16.6,2459
M16.7,2460
M16.9,2461
M17.0,2462
M17.4,2463
M17.5,2464
M17.9,2465
M19.29,2466
M19.82,2467
M19.84,2468
M19.90,2469
M19.91,2470
M19.94,2471
M19.95,2472
M19.96,2473
M19.97,2474
M19.98,2475
M19.99,2476
M20.1,2477
M20.4,2478
M21.54,2479
M21.57,2480
M21.67,2481
M23.39,2482
M24.21,2483
M25.08,2484
M25.46,2485
M25.50,2486
M25.58,2487
M25.59,2488
M31.3,2489
M32.1,2490
M32.9,2491
M33.0,2492
M33.1,2493
M34.8,2494
M34.9,2495
M35.0,2496
M35.9,2497
M36.2,2498
M40.59,2499
M41.16,2500
M41.59,2501
M41.89,2502
M41.96,2503
M41.97,2504
M41.99,2505
M42.16,2506
M43.09,2507
M43.12,2508
M43.19,2509
M46.24,2510
M47.82,2511
M47.84,2512
M47.85,2513
M47.86,2514
M47.90,2515
M47.92,2516
M47.95,2517
M47.96,2518
M47.97,2519
M47.99,2520
M48.02,2521
M48.04,2522
M48.44,2523
M48.46,2524
M48.54,2525
M48.94,2526
M49.02,2527
M50.2,2528
M50.9,2529
M51.0,2530
M51.2,2531
M51.3,2532
M51.9,2533
M53.82,2534
M54.16,2535
M54.19,2536
M54.37,2537
M54.39,2538
M54.56,2539
M54.57,2540
M54.59,2541
M54.99,2542
M60.05,2543
M60.08,2544
M60.09,2545
M62.08,2546
M62.16,2547
M62.41,2548
M62.50,2549
M62.81,2550
M62.82,2551
M62.85,2552
M62.86,2553
M62.89,2554
M62.98,2555
M62.99,2556
M63.8,2557
M65.49,2558
M65.84,2559
M65.92,2560
M65.95,2561
M65.97,2562
M66.06,2563
M66.41,2564
M70.39,2565
M70.56,2566
M70.59,2567
M70.69,2568
M71.96,2569
M72.09,2570
M72.64,2571
M72.65,2572
M72.66,2573
M72.68,2574
M72.69,2575
M72.86,2576
M75.1,2577
M75.4,2578
M75.5,2579
M75.8,2580
M76.96,2581
M77.39,2582
M77.91,2583
M79.09,2584
M79.10,2585
M79.19,2586
M79.25,2587
M79.38,2588
M79.39,2589
M79.58,2590
M79.66,2591
M79.67,2592
M79.71,2593
M79.79,2594
M80.98,2595
M81.98,2596
M81.99,2597
M84.05,2598
M84.06,2599
M84.45,2600
M84.46,2601
M84.48,2602
M86.17,2603
M86.18,2604
M86.67,2605
M86.95,2606
M86.96,2607
M86.97,2608
M86.98,2609
M86.99,2610
M87.95,2611
M90.08,2612
M93.9,2613
M94.08,2614
M95.0,2615
N00.9,2616
N01.9,2617
N02.8,2618
N02.9,2619
N04.8,2620
N04.9,2621
N05.9,2622
N08.2,2623
N08.3,2624
N08.5,2625
N10,2626
N11.1,2627
N12,2628
N13.0,2629
N13.1,2630
N13.2,2631
N13.3,2632
N13.4,2633
N13.5,2634
N13.6,2635
N13.7,2636
N13.8,2637
N13.9,2638
N14.1,2639
N15.1,2640
N15.8,2641
N16.4,2642
N17.0,2643
N17.2,2644
N17.8,2645
N17.9,2646
N18.1,2647
N18.2,2648
N18.3,2649
N18.4,2650
N18.5,2651
N18.9,2652
N19,2653
N20.0,2654
N20.1,2655
N20.2,2656
N20.9,2657
N21.0,2658
N21.1,2659
N21.9,2660
N23,2661
N25.0,2662
N25.8,2663
N26,2664
N27.0,2665
N28.0,2666
N28.1,2667
N28.8,2668
N28.9,2669
N30.0,2670
N30.4,2671
N30.8,2672
N30.9,2673
N31.2,2674
N31.9,2675
N32.0,2676
N32.1,2677
N32.2,2678
N32.3,2679
N32.8,2680
N34.0,2681
N35.8,2682
N35.9,2683
N36.0,2684
N36.2,2685
N36.8,2686
N39.0,2687
N39.3,2688
N39.4,2689
N39.9,2690
N40,2691
N41.0,2692
N41.2,2693
N41.8,2694
N41.9,2695
N42.8,2696
N42.9,2697
N43.3,2698
N44,2699
N45.0,2700
N45.9,2701
N46,2702
N47,2703
N48.1,2704
N48.3,2705
N49.0,2706
N49.2,2707
N49.8,2708
N50.8,2709
N51.1,2710
N51.2,2711
N60.0,2712
N60.4,2713
N61,2714
N62,2715
N63,2716
N64.2,2717
N64.3,2718
N64.8,2719
N64.9,2720
N70.0,2721
N70.1,2722
N70.9,2723
N71.9,2724
N73.2,2725
N73.3,2726
N73.5,2727
N73.6,2728
N73.9,2729
N75.0,2730
N75.1,2731
N75.8,2732
N76.0,2733
N76.4,2734
N76.5,2735
N76.8,2736
N77.0,2737
N77.1,2738
N80.0,2739
N80.1,2740
N80.5,2741
N80.9,2742
N81.1,2743
N81.2,2744
N81.3,2745
N81.4,2746
N81.6,2747
N81.9,2748
N82.3,2749
N82.4,2750
N83.0,2751
N83.1,2752
N83.2,2753
N83.5,2754
N83.7,2755
N83.8,2756
N84.0,2757
N84.1,2758
N85.0,2759
N85.1,2760
N85.7,2761
N87.0,2762
N87.1,2763
N87.2,2764
N88.0,2765
N88.1,2766
N88.2,2767
N88.8,2768
N89.8,2769
N90.1,2770
N90.6,2771
N90.7,2772
N90.8,2773
N91.2,2774
N92.1,2775
N92.5,2776
N92.6,2777
N93.8,2778
N93.9,2779
N94.1,2780
N94.6,2781
N94.8,2782
N95.0,2783
N95.1,2784
N95.3,2785
N95.9,2786
N97.9,2787
N99.3,2788
N99.4,2789
N99.5,2790
N99.8,2791
O00.1,2792
O00.2,2793
O00.8,2794
O00.9,2795
O01.9,2796
O02.0,2797
O02.1,2798
O02.8,2799
O03.0,2800
O03.1,2801
O03.4,2802
O03.5,2803
O03.9,2804
O04.1,2805
O04.4,2806
O04.9,2807
O06.0,2808
O06.1,2809
O06.3,2810
O06.4,2811
O06.6,2812
O06.9,2813
O08.1,2814
O08.3,2815
O08.8,2816
O08.9,2817
O10.0,2818
O10.1,2819
O10.9,2820
O11,2821
O12.0,2822
O12.1,2823
O13,2824
O14.0,2825
O14.1,2826
O14.2,2827
O14.9,2828
O15.0,2829
O15.1,2830
O15.9,2831
O16,2832
O20.0,2833
O20.8,2834
O20.9,2835
O21.0,2836
O21.1,2837
O21.2,2838
O21.8,2839
O21.9,2840
O22.1,2841
O22.3,2842
O22.4,2843
O23.0,2844
O23.1,2845
O23.3,2846
O23.4,2847
O23.5,2848
O24.0,2849
O24.1,2850
O24.3,2851
O24.4,2852
O24.9,2853
O26.0,2854
O26.2,2855
O26.3,2856
O26.5,2857
O26.6,2858
O26.8,2859
O26.9,2860
O28.0,2861
O28.3,2862
O28.4,2863
O28.5,2864
O29.1,2865
O29.8,2866
O30.0,2867
O30.1,2868
O31.2,2869
O31.8,2870
O32.1,2871
O32.2,2872
O32.5,2873
O33.1,2874
O33.2,2875
O33.4,2876
O33.5,2877
O33.9,2878
O34.0,2879
O34.2,2880
O34.3,2881
O34.4,2882
O35.0,2883
O35.8,2884
O36.0,2885
O36.1,2886
O36.2,2887
O36.3,2888
O36.4,2889
O36.5,2890
O36.6,2891
O36.8,2892
O40,2893
O41.0,2894
O41.1,2895
O41.8,2896
O41.9,2897
O42.0,2898
O42.1,2899
O42.2,2900
O42.9,2901
O43.1,2902
O43.2,2903
O43.8,2904
O44.0,2905
O44.1,2906
O45.8,2907
O45.9,2908
O46.8,2909
O46.9,2910
O47.0,2911
O47.1,2912
O47.9,2913
O48,2914
O60.0,2915
O60.1,2916
O60.2,2917
O60.3,2918
O61.0,2919
O61.1,2920
O61.8,2921
O61.9,2922
O62.0,2923
O62.1,2924
O62.2,2925
O62.3,2926
O62.8,2927
O62.9,2928
O63.0,2929
O63.1,2930
O63.9,2931
O64.0,2932
O64.1,2933
O64.2,2934
O64.3,2935
O64.4,2936
O64.5,2937
O64.8,2938
O64.9,2939
O65.4,2940
O65.5,2941
O66.0,2942
O66.1,2943
O66.2,2944
O66.4,2945
O66.5,2946
O66.8,2947
O66.9,2948
O67.8,2949
O67.9,2950
O68.0,2951
O68.1,2952
O68.2,2953
O68.8,2954
O68.9,2955
O69.0,2956
O69.1,2957
O69.2,2958
O69.3,2959
O69.8,2960
O69.9,2961
O70.0,2962
O70.1,2963
O70.2,2964
O70.3,2965
O70.9,2966
O71.1,2967
O71.2,2968
O71.3,2969
O71.4,2970
O71.5,2971
O71.7,2972
O71.8,2973
O72.0,2974
O72.1,2975
O72.2,2976
O72.3,2977
O73.0,2978
O73.1,2979
O74.5,2980
O74.6,2981
O75.0,2982
O75.1,2983
O75.4,2984
O75.5,2985
O75.6,2986
O75.7,2987
O75.8,2988
O80.0,2989
O80.9,2990
O81.0,2991
O81.1,2992
O81.3,2993
O82.0,2994
O82.1,2995
O82.2,2996
O83.8,2997
O84.2,2998
O84.8,2999
O85,3000
O86.0,3001
O86.2,3002
O86.8,3003
O87.2,3004
O89.4,3005
O89.5,3006
O90.0,3007
O90.1,3008
O90.2,3009
O90.8,3010
O90.9,3011
O91.1,3012
O91.2,3013
O98.1,3014
O98.3,3015
O98.4,3016
O98.5,3017
O98.7,3018
O98.8,3019
O99.0,3020
O99.1,3021
O99.2,3022
O99.3,3023
O99.4,3024
O99.5,3025
O99.6,3026
O99.7,3027
O99.8,3028
P00.0,3029
P00.1,3030
P00.2,3031
P00.4,3032
P00.8,3033
P00.9,3034
P01.0,3035
P01.1,3036
P01.2,3037
P01.5,3038
P01.7,3039
P02.1,3040
P02.5,3041
P02.6,3042
P02.7,3043
P02.8,3044
P03.0,3045
P03.1,3046
P03.2,3047
P03.4,3048
P04.4,3049
P04.8,3050
P05.0,3051
P05.1,3052
P05.2,3053
P07.0,3054
P07.1,3055
P07.2,3056
P07.3,3057
P08.0,3058
P08.1,3059
P11.3,3060
P12.0,3061
P12.1,3062
P13.1,3063
P13.3,3064
P13.4,3065
P14.3,3066
P15.8,3067
P20.9,3068
P21.0,3069
P21.1,3070
P21.9,3071
P22.0,3072
P22.1,3073
P22.8,3074
P23.0,3075
P23.6,3076
P23.8,3077
P23.9,3078
P24.0,3079
P25.0,3080
P25.1,3081
P25.2,3082
P26.9,3083
P27.1,3084
P27.8,3085
P28.0,3086
P28.1,3087
P28.4,3088
P28.5,3089
P28.8,3090
P29.0,3091
P29.1,3092
P29.3,3093
P29.4,3094
P29.8,3095
P35.8,3096
P36.3,3097
P36.8,3098
P36.9,3099
P37.8,3100
P38,3101
P39.1,3102
P39.3,3103
P39.8,3104
P39.9,3105
P52.0,3106
P52.3,3107
P52.8,3108
P54.2,3109
P54.3,3110
P54.5,3111
P54.6,3112
P54.8,3113
P55.0,3114
P55.1,3115
P59.0,3116
P59.8,3117
P59.9,3118
P61.0,3119
P61.1,3120
P61.2,3121
P61.4,3122
P61.5,3123
P61.6,3124
P61.8,3125
P70.0,3126
P70.1,3127
P70.4,3128
P70.8,3129
P70.9,3130
P71.1,3131
P71.8,3132
P71.9,3133
P72.1,3134
P74.0,3135
P74.1,3136
P74.2,3137
P74.3,3138
P74.4,3139
P74.8,3140
P74.9,3141
P76.1,3142
P77,3143
P78.3,3144
P78.8,3145
P80.8,3146
P80.9,3147
P81.8,3148
P81.9,3149
P83.1,3150
P83.5,3151
P83.8,3152
P90,3153
P91.2,3154
P91.3,3155
P91.4,3156
P91.6,3157
P91.8,3158
P92.0,3159
P92.1,3160
P92.3,3161
P92.8,3162
P92.9,3163
P94.1,3164
P94.2,3165
P94.8,3166
P94.9,3167
P96.0,3168
P96.8,3169
Q00.0,3170
Q02,3171
Q03.1,3172
Q03.8,3173
Q03.9,3174
Q04.0,3175
Q05.4,3176
Q05.9,3177
Q06.8,3178
Q07.0,3179
Q07.8,3180
Q12.0,3181
Q17.0,3182
Q17.5,3183
Q20.4,3184
Q20.8,3185
Q21.0,3186
Q21.1,3187
Q21.2,3188
Q21.3,3189
Q21.8,3190
Q22.1,3191
Q22.2,3192
Q22.3,3193
Q22.8,3194
Q22.9,3195
Q23.1,3196
Q23.3,3197
Q24.5,3198
Q24.8,3199
Q24.9,3200
Q25.0,3201
Q25.1,3202
Q25.3,3203
Q25.4,3204
Q25.6,3205
Q25.8,3206
Q26.8,3207
Q27.0,3208
Q27.9,3209
Q30.8,3210
Q30.9,3211
Q31.1,3212
Q31.5,3213
Q32.0,3214
Q32.2,3215
Q33.0,3216
Q33.6,3217
Q33.8,3218
Q33.9,3219
Q37.1,3220
Q37.9,3221
Q39.0,3222
Q40.0,3223
Q40.9,3224
Q42.3,3225
Q43.3,3226
Q43.8,3227
Q44.7,3228
Q50.1,3229
Q50.5,3230
Q51.2,3231
Q51.3,3232
Q53.1,3233
Q53.9,3234
Q54.1,3235
Q54.9,3236
Q55.4,3237
Q60.0,3238
Q60.2,3239
Q60.3,3240
Q60.5,3241
Q61.0,3242
Q61.3,3243
Q61.8,3244
Q62.0,3245
Q62.1,3246
Q62.5,3247
Q62.8,3248
Q63.1,3249
Q63.2,3250
Q63.8,3251
Q63.9,3252
Q65.8,3253
Q66.6,3254
Q66.8,3255
Q67.4,3256
Q68.0,3257
Q68.1,3258
Q68.8,3259
Q69.0,3260
Q69.9,3261
Q74.2,3262
Q74.3,3263
Q74.8,3264
Q75.0,3265
Q75.3,3266
Q75.8,3267
Q79.0,3268
Q79.8,3269
Q80.4,3270
Q82.2,3271
Q82.5,3272
Q82.8,3273
Q85.0,3274
Q85.8,3275
Q85.9,3276
Q86.0,3277
Q87.0,3278
Q87.1,3279
Q89.8,3280
Q89.9,3281
Q90.9,3282
Q91.3,3283
Q99.8,3284
Q99.9,3285
R00.0,3286
R00.1,3287
R00.2,3288
R00.8,3289
R01.0,3290
R01.1,3291
R02,3292
R03.0,3293
R04.0,3294
R04.2,3295
R04.8,3296
R05,3297
R06.0,3298
R06.8,3299
R07.0,3300
R07.2,3301
R07.3,3302
R07.4,3303
R09.2,3304
R09.8,3305
R10.0,3306
R10.1,3307
R10.2,3308
R10.3,3309
R10.4,3310
R11,3311
R12,3312
R13,3313
R14,3314
R15,3315
R16.0,3316
R16.1,3317
R16.2,3318
R17,3319
R18,3320
R19.0,3321
R20.1,3322
R20.8,3323
R21,3324
R22.2,3325
R23.0,3326
R23.1,3327
R23.8,3328
R26.0,3329
R26.2,3330
R26.3,3331
R26.8,3332
R29.8,3333
R30.0,3334
R31,3335
R32,3336
R33,3337
R34,3338
R35,3339
R39.8,3340
R40.1,3341
R40.2,3342
R41.0,3343
R41.3,3344
R41.8,3345
R42,3346
R43.0,3347
R43.2,3348
R43.8,3349
R44.1,3350
R44.2,3351
R45.1,3352
R45.6,3353
R45.7,3354
R45.8,3355
R46.0,3356
R47.0,3357
R47.1,3358
R48.2,3359
R48.8,3360
R49.0,3361
R49.1,3362
R50.8,3363
R50.9,3364
R51,3365
R52.0,3366
R52.2,3367
R53,3368
R55,3369
R56.0,3370
R56.8,3371
R57.0,3372
R57.1,3373
R57.2,3374
R57.8,3375
R57.9,3376
R58,3377
R59.0,3378
R59.1,3379
R59.9,3380
R60.0,3381
R60.1,3382
R60.9,3383
R61.9,3384
R62.0,3385
R62.8,3386
R63.0,3387
R63.3,3388
R63.4,3389
R63.8,3390
R64,3391
R65.0,3392
R65.1,3393
R65.2,3394
R65.3,3395
R65.9,3396
R68.8,3397
R73.0,3398
R73.9,3399
R74.0,3400
R74.8,3401
R74.9,3402
R77.0,3403
R77.1,3404
R77.8,3405
R79.8,3406
R80,3407
R82.2,3408
R90.8,3409
R93.8,3410
R94.4,3411
R98,3412
S00.0,3413
S00.1,3414
S00.2,3415
S00.3,3416
S00.4,3417
S00.8,3418
S00.9,3419
S01.0,3420
S01.1,3421
S01.2,3422
S01.3,3423
S01.4,3424
S01.5,3425
S01.7,3426
S01.8,3427
S02.00,3428
S02.10,3429
S02.20,3430
S02.30,3431
S02.40,3432
S02.50,3433
S02.60,3434
S02.70,3435
S02.80,3436
S02.90,3437
S03.0,3438
S03.2,3439
S05.1,3440
S05.4,3441
S05.8,3442
S05.9,3443
S06.00,3444
S06.10,3445
S06.20,3446
S06.21,3447
S06.30,3448
S06.40,3449
S06.41,3450
S06.50,3451
S06.51,3452
S06.60,3453
S06.61,3454
S06.80,3455
S06.90,3456
S06.91,3457
S09.2,3458
S09.8,3459
S09.9,3460
S10.9,3461
S11.0,3462
S11.7,3463
S11.8,3464
S11.9,3465
S12.10,3466
S12.70,3467
S14.3,3468
S15.2,3469
S15.8,3470
S19.8,3471
S20.2,3472
S20.8,3473
S21.1,3474
S21.2,3475
S21.8,3476
S21.9,3477
S22.00,3478
S22.10,3479
S22.20,3480
S22.30,3481
S22.31,3482
S22.40,3483
S25.2,3484
S25.4,3485
S26.00,3486
S26.01,3487
S27.00,3488
S27.01,3489
S27.10,3490
S27.11,3491
S27.20,3492
S27.21,3493
S27.30,3494
S27.31,3495
S27.71,3496
S27.80,3497
S27.81,3498
S29.7,3499
S29.9,3500
S30.0,3501
S30.1,3502
S30.2,3503
S30.8,3504
S31.0,3505
S31.1,3506
S31.2,3507
S31.4,3508
S31.8,3509
S32.00,3510
S32.10,3511
S32.20,3512
S32.30,3513
S32.40,3514
S32.50,3515
S32.51,3516
S32.70,3517
S32.80,3518
S35.3,3519
S36.00,3520
S36.01,3521
S36.10,3522
S36.11,3523
S36.20,3524
S36.21,3525
S36.31,3526
S36.40,3527
S36.41,3528
S36.50,3529
S36.51,3530
S36.60,3531
S36.61,3532
S36.71,3533
S36.80,3534
S36.81,3535
S36.90,3536
S36.91,3537
S37.00,3538
S37.01,3539
S37.10,3540
S37.11,3541
S37.20,3542
S37.21,3543
S37.30,3544
S37.31,3545
S37.61,3546
S37.80,3547
S39.0,3548
S39.6,3549
S39.8,3550
S39.9,3551
S40.0,3552
S40.8,3553
S41.0,3554
S41.1,3555
S41.7,3556
S42.00,3557
S42.10,3558
S42.20,3559
S42.30,3560
S42.70,3561
S42.80,3562
S43.0,3563
S44.1,3564
S45.0,3565
S45.1,3566
S45.2,3567
S45.7,3568
S45.8,3569
S49.8,3570
S49.9,3571
S50.1,3572
S50.8,3573
S51.7,3574
S51.8,3575
S51.9,3576
S52.41,3577
S52.50,3578
S52.80,3579
S55.1,3580
S59.9,3581
S60.2,3582
S60.9,3583
S61.7,3584
S61.8,3585
S61.9,3586
S62.10,3587
S62.30,3588
S62.41,3589
S62.60,3590
S62.61,3591
S62.80,3592
S69.8,3593
S70.0,3594
S70.1,3595
S70.8,3596
S70.9,3597
S71.1,3598
S71.7,3599
S72.00,3600
S72.30,3601
S72.31,3602
S72.40,3603
S72.41,3604
S72.90,3605
S73.0,3606
S75.0,3607
S75.1,3608
S75.8,3609
S76.3,3610
S76.4,3611
S77.1,3612
S79.7,3613
S79.8,3614
S79.9,3615
S80.0,3616
S80.9,3617
S81.0,3618
S81.7,3619
S81.8,3620
S81.9,3621
S82.11,3622
S82.20,3623
S82.40,3624
S82.50,3625
S82.60,3626
S82.80,3627
S85.0,3628
S85.1,3629
S85.2,3630
S85.8,3631
S86.1,3632
S88.9,3633
S89.8,3634
S89.9,3635
S90.1,3636
S90.3,3637
S91.0,3638
S91.1,3639
S91.2,3640
S91.3,3641
S92.00,3642
S92.30,3643
S92.31,3644
S92.50,3645
S92.90,3646
S93.1,3647
S93.4,3648
S99.9,3649
T00.9,3650
T01.3,3651
T06.5,3652
T07,3653
T09.3,3654
T09.5,3655
T09.8,3656
T11.0,3657
T11.1,3658
T11.4,3659
T11.9,3660
T12.0,3661
T13.0,3662
T13.1,3663
T13.8,3664
T13.9,3665
T14.0,3666
T14.1,3667
T14.5,3668
T14.6,3669
T14.9,3670
T16,3671
T17.3,3672
T17.8,3673
T17.9,3674
T18.1,3675
T18.2,3676
T18.5,3677
T18.9,3678
T20.0,3679
T20.1,3680
T20.2,3681
T21.0,3682
T21.1,3683
T21.2,3684
T22.1,3685
T22.2,3686
T23.0,3687
T23.2,3688
T24.0,3689
T24.1,3690
T24.2,3691
T24.3,3692
T25.0,3693
T25.2,3694
T27.2,3695
T27.3,3696
T27.4,3697
T27.7,3698
T28.0,3699
T28.2,3700
T28.6,3701
T28.7,3702
T29.1,3703
T29.2,3704
T31.0,3705
T31.1,3706
T31.2,3707
T36.0,3708
T36.1,3709
T36.8,3710
T37.8,3711
T38.0,3712
T38.1,3713
T38.3,3714
T39.0,3715
T39.1,3716
T39.2,3717
T39.3,3718
T39.8,3719
T40.2,3720
T40.3,3721
T40.5,3722
T40.7,3723
T41.2,3724
T42.0,3725
T42.1,3726
T42.3,3727
T42.4,3728
T42.6,3729
T42.7,3730
T43.0,3731
T43.2,3732
T43.3,3733
T43.4,3734
T43.5,3735
T44.3,3736
T44.7,3737
T44.9,3738
T45.0,3739
T45.5,3740
T46.2,3741
T46.3,3742
T46.4,3743
T46.5,3744
T47.1,3745
T47.2,3746
T48.5,3747
T49.2,3748
T50.2,3749
T50.5,3750
T50.6,3751
T50.9,3752
T51.0,3753
T51.9,3754
T52.0,3755
T52.1,3756
T52.4,3757
T52.8,3758
T52.9,3759
T54.2,3760
T54.3,3761
T56.8,3762
T59.4,3763
T59.8,3764
T60.0,3765
T60.1,3766
T60.4,3767
T63.3,3768
T63.4,3769
T65.8,3770
T65.9,3771
T68,3772
T71,3773
T74.0,3774
T74.2,3775
T75.4,3776
T78.0,3777
T78.2,3778
T78.3,3779
T78.4,3780
T79.3,3781
T79.4,3782
T79.6,3783
T79.7,3784
T80.1,3785
T80.2,3786
T80.6,3787
T80.9,3788
T81.0,3789
T81.1,3790
T81.2,3791
T81.3,3792
T81.4,3793
T81.5,3794
T81.7,3795
T81.8,3796
T81.9,3797
T82.1,3798
T82.4,3799
T82.5,3800
T82.7,3801
T82.8,3802
T82.9,3803
T83.0,3804
T83.3,3805
T83.4,3806
T83.5,3807
T83.8,3808
T83.9,3809
T84.5,3810
T85.4,3811
T85.5,3812
T85.6,3813
T85.7,3814
T85.8,3815
T87.4,3816
T87.5,3817
T87.6,3818
T88.4,3819
T88.5,3820
T88.6,3821
T88.7,3822
T88.8,3823
T90.5,3824
T91.3,3825
T98.3,3826
U07.1,3827
U07.2,3828
U08.9,3829
U09.9,3830
U82.0,3831
U82.1,3832
U82.2,3833
U82.8,3834
U83.0,3835
U83.1,3836
U83.7,3837
U83.8,3838
V02.98,3839
V03.19,3840
V03.99,3841
V09.29,3842
V09.99,3843
V12.48,3844
V18.01,3845
V18.99,3846
V19.69,3847
V23.08,3848
V23.48,3849
V23.49,3850
V23.98,3851
V23.99,3852
V29.09,3853
V29.39,3854
V29.49,3855
V29.98,3856
V29.99,3857
V37.19,3858
V39.58,3859
V43.69,3860
V43.99,3861
V49.09,3862
V49.49,3863
V49.59,3864
V49.99,3865
V78.19,3866
V78.49,3867
V79.98,3868
V79.99,3869
V89.99,3870
W01.04,3871
W01.09,3872
W01.21,3873
W01.24,3874
W01.28,3875
W01.29,3876
W01.49,3877
W01.98,3878
W01.99,3879
W02.41,3880
W02.99,3881
W03.09,3882
W03.28,3883
W03.29,3884
W04.08,3885
W04.09,3886
W04.29,3887
W04.99,3888
W06.01,3889
W06.04,3890
W06.08,3891
W06.09,3892
W06.24,3893
W06.28,3894
W06.29,3895
W06.91,3896
W06.99,3897
W07.08,3898
W07.09,3899
W07.99,3900
W08.09,3901
W08.99,3902
W09.21,3903
W09.41,3904
W09.88,3905
W09.89,3906
W09.91,3907
W09.99,3908
W10.04,3909
W10.08,3910
W10.09,3911
W10.88,3912
W10.99,3913
W11.09,3914
W11.99,3915
W13.08,3916
W13.09,3917
W13.88,3918
W13.98,3919
W17.03,3920
W17.04,3921
W17.08,3922
W17.09,3923
W17.28,3924
W17.29,3925
W17.49,3926
W17.89,3927
W17.94,3928
W17.99,3929
W18.04,3930
W18.08,3931
W18.09,3932
W18.18,3933
W18.19,3934
W18.21,3935
W18.24,3936
W18.28,3937
W18.29,3938
W18.49,3939
W18.81,3940
W18.89,3941
W18.90,3942
W18.91,3943
W18.98,3944
W18.99,3945
W19.01,3946
W19.09,3947
W19.21,3948
W19.29,3949
W19.49,3950
W19.99,3951
W20.09,3952
W20.30,3953
W20.99,3954
W21.91,3955
W21.99,3956
W22.01,3957
W22.08,3958
W22.09,3959
W22.21,3960
W22.28,3961
W22.29,3962
W22.49,3963
W22.89,3964
W22.99,3965
W23.09,3966
W24.99,3967
W25.99,3968
W26.48,3969
W26.49,3970
W26.99,3971
W27.99,3972
W29.08,3973
W29.98,3974
W31.62,3975
W32.99,3976
W34.49,3977
W34.89,3978
W34.99,3979
W36.99,3980
W38.09,3981
W40.98,3982
W44.01,3983
W44.04,3984
W44.09,3985
W44.29,3986
W44.94,3987
W44.99,3988
W45.09,3989
W49.99,3990
W50.09,3991
W50.20,3992
W50.28,3993
W50.29,3994
W50.49,3995
W50.89,3996
W50.99,3997
W51.21,3998
W51.28,3999
W51.29,4000
W51.99,4001
W54.09,4002
W54.99,4003
W57.09,4004
W57.99,4005
W64.30,4006
W70.99,4007
W79.24,4008
W79.94,4009
W85.43,4010
W87.08,4011
W87.09,4012
W87.99,4013
X00.09,4014
X02.04,4015
X02.99,4016
X03.99,4017
X08.88,4018
X09.04,4019
X09.08,4020
X09.09,4021
X09.88,4022
X09.99,4023
X10.09,4024
X10.99,4025
X11.09,4026
X11.99,4027
X12.04,4028
X12.08,4029
X12.09,4030
X12.99,4031
X13.03,4032
X15.04,4033
X16.08,4034
X16.09,4035
X16.89,4036
X18.99,4037
X19.09,4038
X19.99,4039
X21.08,4040
X21.09,4041
X21.99,4042
X23.99,4043
X29.08,4044
X29.09,4045
X41.04,4046
X41.09,4047
X42.08,4048
X42.09,4049
X43.09,4050
X44.09,4051
X44.24,4052
X44.99,4053
X46.09,4054
X46.99,4055
X48.09,4056
X49.04,4057
X49.08,4058
X49.09,4059
X49.99,4060
X58.09,4061
X58.29,4062
X58.99,4063
X59.0,4064
X59.9,4065
X60.08,4066
X60.09,4067
X60.29,4068
X60.99,4069
X61.04,4070
X61.08,4071
X61.09,4072
X61.29,4073
X61.49,4074
X61.89,4075
X61.98,4076
X61.99,4077
X62.99,4078
X63.09,4079
X63.99,4080
X64.08,4081
X64.09,4082
X64.28,4083
X64.89,4084
X64.98,4085
X64.99,4086
X65.04,4087
X65.09,4088
X65.99,4089
X66.09,4090
X67.08,4091
X67.09,4092
X67.99,4093
X68.08,4094
X68.09,4095
X69.08,4096
X69.09,4097
X69.28,4098
X69.99,4099
X70.04,4100
X70.08,4101
X70.09,4102
X70.19,4103
X70.28,4104
X70.29,4105
X70.99,4106
X78.08,4107
X78.09,4108
X78.19,4109
X78.28,4110
X78.29,4111
X78.48,4112
X78.88,4113
X78.99,4114
X79.09,4115
X80.09,4116
X80.99,4117
X81.49,4118
X84.28,4119
X84.29,4120
X84.99,4121
X85.09,4122
X95.49,4123
X95.52,4124
X95.99,4125
X99.08,4126
X99.09,4127
X99.48,4128
X99.49,4129
X99.94,4130
X99.99,4131
Y00.09,4132
Y00.49,4133
Y00.99,4134
Y03.99,4135
Y04.09,4136
Y04.28,4137
Y04.99,4138
Y05.09,4139
Y05.99,4140
Y06.8,4141
Y06.9,4142
Y07.0,4143
Y08.99,4144
Y09.19,4145
Y10.99,4146
Y11.29,4147
Y11.99,4148
Y14.99,4149
Y20.09,4150
Y24.09,4151
Y24.89,4152
Y24.99,4153
Y26.09,4154
Y28.08,4155
Y28.99,4156
Y33.28,4157
Y33.99,4158
Y34.29,4159
Y34.49,4160
Y34.99,4161
Y40.0,4162
Y40.1,4163
Y40.8,4164
Y40.9,4165
Y42.0,4166
Y42.3,4167
Y43.0,4168
Y44.0,4169
Y44.2,4170
Y44.3,4171
Y45.0,4172
Y45.2,4173
Y45.3,4174
Y45.5,4175
Y45.8,4176
Y46.2,4177
Y46.7,4178
Y47.1,4179
Y48.2,4180
Y49.0,4181
Y49.2,4182
Y49.3,4183
Y49.4,4184
Y49.5,4185
Y51.3,4186
Y51.7,4187
Y52.1,4188
Y52.2,4189
Y53.1,4190
Y53.4,4191
Y53.8,4192
Y54.1,4193
Y54.5,4194
Y56.0,4195
Y57.3,4196
Y57.5,4197
Y57.8,4198
Y57.9,4199
Y60.0,4200
Y60.1,4201
Y60.2,4202
Y60.4,4203
Y60.5,4204
Y60.6,4205
Y60.8,4206
Y60.9,4207
Y61.0,4208
Y62.0,4209
Y63.6,4210
Y63.8,4211
Y65.8,4212
Y69,4213
Y70.2,4214
Y71.1,4215
Y71.2,4216
Y73.2,4217
Y74.1,4218
Y74.8,4219
Y76.0,4220
Y76.1,4221
Y76.2,4222
Y79.1,4223
Y81.2,4224
Y83.1,4225
Y83.2,4226
Y83.3,4227
Y83.4,4228
Y83.5,4229
Y83.6,4230
Y83.8,4231
Y84.0,4232
Y84.1,4233
Y84.4,4234
Y84.6,4235
Y84.8,4236
Y84.9,4237
Y87.0,4238
Y87.1,4239
Y88.1,4240
Y88.3,4241
Y89.9,4242
Y95,4243
Z00.8,4244
Z01.7,4245
Z01.8,4246
Z01.9,4247
Z02.7,4248
Z03.0,4249
Z03.1,4250
Z03.2,4251
Z03.3,4252
Z03.4,4253
Z03.5,4254
Z03.6,4255
Z03.8,4256
Z03.9,4257
Z04.1,4258
Z04.4,4259
Z04.6,4260
Z04.8,4261
Z12.8,4262
Z20.0,4263
Z20.1,4264
Z20.4,4265
Z20.8,4266
Z22.3,4267
Z22.8,4268
Z27.1,4269
Z28.8,4270
Z28.9,4271
Z29.0,4272
Z30.0,4273
Z30.2,4274
Z30.3,4275
Z30.5,4276
Z31.2,4277
Z32.1,4278
Z33,4279
Z34.0,4280
Z34.8,4281
Z35.0,4282
Z35.1,4283
Z35.2,4284
Z35.3,4285
Z35.4,4286
Z35.5,4287
Z35.6,4288
Z35.7,4289
Z35.8,4290
Z35.9,4291
Z36.2,4292
Z37.0,4293
Z37.1,4294
Z37.2,4295
Z37.3,4296
Z37.6,4297
Z38.0,4298
Z38.1,4299
Z38.3,4300
Z38.6,4301
Z39.0,4302
Z39.1,4303
Z39.2,4304
Z41.1,4305
Z42.2,4306
Z43.0,4307
Z43.1,4308
Z43.2,4309
Z43.3,4310
Z43.5,4311
Z43.6,4312
Z45.0,4313
Z45.2,4314
Z46.0,4315
Z48.8,4316
Z49.0,4317
Z50.3,4318
Z50.4,4319
Z50.7,4320
Z50.8,4321
Z50.9,4322
Z51.2,4323
Z51.4,4324
Z51.5,4325
Z51.8,4326
Z52.4,4327
Z52.6,4328
Z53.0,4329
Z53.1,4330
Z53.2,4331
Z53.8,4332
Z54.0,4333
Z54.8,4334
Z54.9,4335
Z55.0,4336
Z55.3,4337
Z56.0,4338
Z56.6,4339
Z56.7,4340
Z57.3,4341
Z57.4,4342
Z57.8,4343
Z58.1,4344
Z58.5,4345
Z58.6,4346
Z58.7,4347
Z58.8,4348
Z59.0,4349
Z59.1,4350
Z59.2,4351
Z59.3,4352
Z59.4,4353
Z59.6,4354
Z59.7,4355
Z59.8,4356
Z59.9,4357
Z60.0,4358
Z60.1,4359
Z60.2,4360
Z60.3,4361
Z60.4,4362
Z60.5,4363
Z60.8,4364
Z60.9,4365
Z61.0,4366
Z61.1,4367
Z61.2,4368
Z61.3,4369
Z61.4,4370
Z61.5,4371
Z61.6,4372
Z61.7,4373
Z61.8,4374
Z62.0,4375
Z62.2,4376
Z62.4,4377
Z62.5,4378
Z62.8,4379
Z63.0,4380
Z63.1,4381
Z63.2,4382
Z63.3,4383
Z63.4,4384
Z63.5,4385
Z63.6,4386
Z63.7,4387
Z63.8,4388
Z63.9,4389
Z64.0,4390
Z64.1,4391
Z65.0,4392
Z65.1,4393
Z65.2,4394
Z65.3,4395
Z65.8,4396
Z72.0,4397
Z72.1,4398
Z72.2,4399
Z72.3,4400
Z72.4,4401
Z72.5,4402
Z72.8,4403
Z73.0,4404
Z73.4,4405
Z73.5,4406
Z73.6,4407
Z73.8,4408
Z74.0,4409
Z74.1,4410
Z74.2,4411
Z74.3,4412
Z75.1,4413
Z75.2,4414
Z75.3,4415
Z75.4,4416
Z75.8,4417
Z75.9,4418
Z76.2,4419
Z76.8,4420
Z80.0,4421
Z80.1,4422
Z80.2,4423
Z80.3,4424
Z80.4,4425
Z80.6,4426
Z80.7,4427
Z80.8,4428
Z80.9,4429
Z81.0,4430
Z81.1,4431
Z81.2,4432
Z81.3,4433
Z81.4,4434
Z81.8,4435
Z82.0,4436
Z82.3,4437
Z82.4,4438
Z82.5,4439
Z82.6,4440
Z82.7,4441
Z82.8,4442
Z83.0,4443
Z83.1,4444
Z83.2,4445
Z83.3,4446
Z83.4,4447
Z83.6,4448
Z83.7,4449
Z84.1,4450
Z84.2,4451
Z84.8,4452
Z85.0,4453
Z85.2,4454
Z85.3,4455
Z85.4,4456
Z85.5,4457
Z85.6,4458
Z85.7,4459
Z85.8,4460
Z85.9,4461
Z86.0,4462
Z86.1,4463
Z86.2,4464
Z86.3,4465
Z86.4,4466
Z86.5,4467
Z86.6,4468
Z86.7,4469
Z87.0,4470
Z87.1,4471
Z87.2,4472
Z87.3,4473
Z87.4,4474
Z87.5,4475
Z87.6,4476
Z87.7,4477
Z87.8,4478
Z88.0,4479
Z88.1,4480
Z88.2,4481
Z88.4,4482
Z88.5,4483
Z88.6,4484
Z88.8,4485
Z88.9,4486
Z89.0,4487
Z89.1,4488
Z89.4,4489
Z89.5,4490
Z89.6,4491
Z89.7,4492
Z89.9,4493
Z90.0,4494
Z90.1,4495
Z90.2,4496
Z90.3,4497
Z90.4,4498
Z90.5,4499
Z90.6,4500
Z90.7,4501
Z90.8,4502
Z91.0,4503
Z91.1,4504
Z91.2,4505
Z91.3,4506
Z91.4,4507
Z91.5,4508
Z91.6,4509
Z91.8,4510
Z92.0,4511
Z92.1,4512
Z92.2,4513
Z92.3,4514
Z92.4,4515
Z92.6,4516
Z92.8,4517
Z93.0,4518
Z93.1,4519
Z93.2,4520
Z93.3,4521
Z93.5,4522
Z93.6,4523
Z93.8,4524
Z94.0,4525
Z94.4,4526
Z95.0,4527
Z95.1,4528
Z95.2,4529
Z95.3,4530
Z95.4,4531
Z95.5,4532
Z95.8,4533
Z96.0,4534
Z96.1,4535
Z96.6,4536
Z96.7,4537
Z96.8,4538
Z97.2,4539
Z97.3,4540
Z97.4,4541
Z97.5,4542
Z97.8,4543
Z98.0,4544
Z98.2,4545
Z98.8,4546
Z99.1,4547
Z99.2,4548
Z99.3,4549
Z99.8,4550
Z99.9,4551
