CÃ³digo,cuenta,precio_n_unique,precio_min_unique,precio_max_unique,precio_range_unique
O70.0,779,11.0,483243.0092,1352659.7925,869416.7833
O80.0,471,7.0,483243.0092,870387.4756,387144.46640000003
U07.1,327,9.0,559765.923,18935781.0561,18376015.1331
O34.2,304,5.0,442650.0,1324509.7143,881859.7143000001
E11.5,215,15.0,702450.0,18935781.0561,18233331.0561
K35.8,208,8.0,730800.0,5767045.0451,5036245.0451
N10,189,10.0,638700.0,9416848.2886,8778148.2886
K80.2,184,15.0,869850.0,18935781.0561,18065931.0561
N39.0,180,7.0,638700.0,9416848.2886,8778148.2886
I63.8,166,5.0,1060200.0,18935781.0561,17875581.0561
I50.0,162,8.0,712050.0,9416848.2886,8704798.2886
Z76.2,160,3.0,158250.0,609600.0,451350.0
J44.1,137,7.0,730350.0,18935781.0561,18205431.0561
O24.4,133,11.0,442650.0,929276.145,486626.145
K92.2,130,9.0,730800.0,18935781.0561,18204981.0561
K80.0,129,8.0,869850.0,2691244.5458,1821394.5458
J18.9,126,8.0,612600.0,18935781.0561,18323181.0561
I50.1,121,7.0,712050.0,9416848.2886,8704798.2886
E88.1,114,4.0,1592744.3675,2957214.2503,1364469.8828
K81.0,103,12.0,869850.0,9416848.2886,8546998.2886
P59.9,101,10.0,158250.0,5512350.0,5354100.0
I21.9,98,7.0,877950.0,9416848.2886,8538898.2886
O98.5,97,5.0,771700.4198,1823930.9294,1052230.5096
A09.9,97,5.0,646050.0,9416848.2886,8770798.2886
O68.0,97,3.0,833986.5124,1324509.7143,490523.2019000001
S00.9,97,3.0,810150.0,1417500.0,607350.0
O06.4,96,5.0,452400.0,1823930.9294,1371530.9294
J20.9,92,3.0,630450.0,1444200.0,813750.0
J96.09,90,9.0,715800.0,18935781.0561,18219981.0561
E66.8,85,3.0,861000.0,2585115.5154,1724115.5154
J21.9,83,4.0,158250.0,873150.0,714900.0
I26.9,81,6.0,944550.0,9416848.2886,8472298.2886
D25.9,77,12.0,790050.0,1818915.6855,1028865.6854999999
J46,76,4.0,517800.0,9416848.2886,8899048.2886
P22.1,74,15.0,158250.0,11081850.0,10923600.0
O70.1,72,4.0,502980.4204,771700.4198,268719.99940000003
O14.1,71,8.0,442650.0,1324509.7143,881859.7143000001
U07.2,68,5.0,1434150.0,18935781.0561,17501631.0561
K70.4,67,5.0,778500.0,3417322.4251,2638822.4251
J12.9,62,3.0,612600.0,1549200.0,936600.0
O32.1,61,5.0,442650.0,1324509.7143,881859.7143000001
K35.3,60,8.0,1196863.67,9416848.2886,8219984.6186
K72.1,60,4.0,1065150.0,9416848.2886,8351698.2886
O36.5,59,10.0,442650.0,1324509.7143,881859.7143000001
K80.8,58,6.0,869850.0,3136306.9892,2266456.9892
O82.0,57,2.0,833986.5124,929276.145,95289.63260000001
J15.9,57,4.0,612600.0,9416848.2886,8804248.2886
K85.1,56,8.0,807150.0,3417322.4251,2610172.4251
S06.20,56,3.0,993000.0,2208600.0,1215600.0
O02.1,56,5.0,452400.0,1823930.9294,1371530.9294
A41.9,55,9.0,835800.0,18935781.0561,18099981.0561
K40.9,55,7.0,730800.0,2495164.6907,1764364.6907000002
O23.0,54,3.0,442650.0,906900.0,464250.0
O60.0,53,5.0,466050.0,2179042.5481,1712992.5480999998
K37,52,7.0,730800.0,5767045.0451,5036245.0451
O42.0,51,10.0,483243.0092,1324509.7143,841266.7051000001
I20.0,50,4.0,663600.0,2779739.3319,2116139.3319
N17.9,50,7.0,706050.0,18935781.0561,18229731.0561
O03.4,49,5.0,452400.0,1823930.9294,1371530.9294
P59.8,49,5.0,158250.0,1479600.0,1321350.0
K57.3,48,5.0,798450.0,5767045.0451,4968595.0451
K80.5,48,9.0,869850.0,3136306.9892,2266456.9892
P70.4,47,8.0,158250.0,2856747.5919,2698497.5919
E11.1,47,4.0,598500.0,9416848.2886,8818348.2886
O62.1,46,6.0,483243.0092,1324509.7143,841266.7051000001
O33.5,46,5.0,483243.0092,1324509.7143,841266.7051000001
P22.0,45,17.0,316650.0,20048841.6197,19732191.6197
E10.1,44,4.0,598500.0,9416848.2886,8818348.2886
E66.9,43,3.0,2020657.9127,2691244.5458,670586.6331
N13.2,43,9.0,590250.0,2108020.2244,1517770.2244000002
K85.9,42,5.0,807150.0,9416848.2886,8609698.2886
J12.1,42,3.0,612600.0,1549200.0,936600.0
N40,42,11.0,590250.0,3693160.8351,3102910.8351
N20.0,41,7.0,590250.0,2879882.4262,2289632.4262
C50.9,41,9.0,894000.0,2716320.7649,1822320.7648999998
N20.1,41,8.0,590250.0,2677007.7247,2086757.7247000001
O61.0,41,4.0,483243.0092,1324509.7143,841266.7051000001
L03.1,40,5.0,628950.0,18935781.0561,18306831.0561
O03.9,40,5.0,452400.0,1823930.9294,1371530.9294
P28.8,39,5.0,158250.0,1444200.0,1285950.0
I63.5,39,3.0,1060200.0,2002950.0,942750.0
N18.5,37,4.0,706050.0,9416848.2886,8710798.2886
A08.0,37,3.0,646050.0,1086450.0,440400.0
O34.3,37,6.0,442650.0,2179042.5481,1736392.5480999998
O68.2,36,4.0,483243.0092,929276.145,446033.13580000005
F32.2,36,3.0,618600.0,1128900.0,510300.0
T42.4,35,3.0,606900.0,1205550.0,598650.0
N61,35,7.0,538500.0,2716320.7649,2177820.7649
O13,34,7.0,442650.0,1036375.8678,593725.8678
O69.8,34,5.0,483243.0092,929276.145,446033.13580000005
O68.1,34,8.0,483243.0092,1324509.7143,841266.7051000001
O60.1,34,6.0,483243.0092,1324509.7143,841266.7051000001
J69.0,34,5.0,1434150.0,18935781.0561,17501631.0561
K43.9,33,6.0,1313993.8805,2158334.4446,844340.5641000001
N81.3,32,4.0,1036375.8678,1376118.191,339742.3232000001
K80.3,31,11.0,869850.0,9416848.2886,8546998.2886
O99.6,31,11.0,442650.0,2691244.5458,2248594.5458
P59.0,31,8.0,158250.0,4218900.0,4060650.0
J21.0,31,4.0,517800.0,3417322.4251,2899522.4251
C64,30,6.0,706050.0,3791847.8909,3085797.8909
O00.1,30,4.0,1152535.3859,9416848.2886,8264312.9026999995
G40.9,30,6.0,762900.0,9416848.2886,8653948.2886
C16.9,29,7.0,1327500.0,5767045.0451,4439545.0451
F20.9,29,3.0,1023600.0,1367250.0,343650.0
N83.2,28,7.0,658950.0,1818915.6855,1159965.6855
S09.9,28,2.0,993000.0,1377750.0,384750.0
N93.8,28,8.0,658950.0,1376118.191,717168.1910000001
T81.4,28,11.0,832800.0,18935781.0561,18102981.0561
D64.9,28,3.0,697800.0,1358250.0,660450.0
K56.5,27,15.0,712050.0,18935781.0561,18223731.0561
T42.6,27,4.0,606900.0,3417322.4251,2810422.4251
S06.90,27,5.0,993000.0,3417322.4251,2424322.4251
I80.2,27,4.0,599700.0,9416848.2886,8817148.2886
O66.4,27,3.0,833986.5124,1324509.7143,490523.2019000001
O11,27,7.0,442650.0,2179042.5481,1736392.5480999998
P22.8,26,12.0,158250.0,11081850.0,10923600.0
T81.3,26,15.0,691500.0,18935781.0561,18244281.0561
A41.8,26,6.0,1148250.0,9416848.2886,8268598.2886
I48.9,26,5.0,648750.0,9416848.2886,8768098.2886
R56.8,26,5.0,762900.0,2202500.9466,1439600.9466
O41.0,25,8.0,442650.0,1324509.7143,881859.7143000001
K61.0,25,3.0,986870.5578,1644300.0,657429.4422
J20.5,25,2.0,630450.0,1444200.0,813750.0
O99.8,25,8.0,442650.0,1650338.7804,1207688.7804
P21.1,25,12.0,158250.0,5512350.0,5354100.0
I50.9,24,4.0,712050.0,2779739.3319,2067689.3319
N75.1,24,4.0,711300.0,1243133.3388,531833.3388
L89.3,24,6.0,728700.0,5767045.0451,5038345.0451
D39.1,24,6.0,658950.0,2585115.5154,1926165.5154
N64.2,23,4.0,1592744.3675,2369460.0312,776715.6637000002
I48.0,23,3.0,648750.0,1262100.0,613350.0
P55.1,23,4.0,158250.0,751800.0,593550.0
I77.1,23,7.0,702450.0,3858825.6632,3156375.6632
K83.1,23,6.0,869850.0,8517178.2603,7647328.260299999
O45.9,23,4.0,579665.1162,1324509.7143,744844.5981000001
N93.9,23,7.0,658950.0,1823930.9294,1164980.9294
T87.4,23,9.0,781200.0,10220581.556,9439381.556
I21.4,23,5.0,877950.0,3702220.6304,2824270.6304
N85.0,22,7.0,790050.0,1376118.191,586068.1910000001
K42.0,22,4.0,1313993.8805,2755148.459,1441154.5784999998
A09.0,22,3.0,646050.0,1086450.0,440400.0
K42.9,22,6.0,730800.0,2755148.459,2024348.4589999998
N80.0,22,6.0,790050.0,1818915.6855,1028865.6854999999
G45.9,21,3.0,843900.0,1180200.0,336300.0
O10.0,21,3.0,442650.0,833986.5124,391336.5124
T39.1,21,4.0,606900.0,3417322.4251,2810422.4251
I62.9,21,5.0,1356450.0,9416848.2886,8060398.2886
R51,21,2.0,759600.0,921150.0,161550.0
F29,21,3.0,1023600.0,2202500.9466,1178900.9466
F31.9,21,4.0,728100.0,9416848.2886,8688748.2886
J81,21,4.0,630450.0,9416848.2886,8786398.2886
F32.9,21,2.0,489300.0,541950.0,52650.0
P07.3,21,5.0,158250.0,11081850.0,10923600.0
K35.2,20,7.0,1064100.0,9416848.2886,8352748.2886
J90,20,6.0,795900.0,4405487.2394,3609587.2394000003
I10,20,5.0,679800.0,18935781.0561,18255981.0561
O99.3,20,6.0,442650.0,1036375.8678,593725.8678
N45.9,20,3.0,590250.0,1363499.1904,773249.1904
O42.9,20,5.0,442650.0,1324509.7143,881859.7143000001
J96.00,20,6.0,715800.0,18935781.0561,18219981.0561
O14.0,19,7.0,442650.0,929276.145,486626.145
O26.0,19,5.0,442650.0,833986.5124,391336.5124
C67.9,19,7.0,1064525.946,4153107.2279,3088581.2819
I21.1,19,4.0,877950.0,7156105.8008,6278155.8008
J84.1,19,3.0,1181850.0,3417322.4251,2235472.4251
I44.2,19,11.0,648750.0,9416848.2886,8768098.2886
I21.0,19,4.0,877950.0,9416848.2886,8538898.2886
O00.9,19,4.0,442650.0,1818915.6855,1376265.6855
O64.0,19,3.0,833986.5124,1324509.7143,490523.2019000001
R50.9,18,2.0,528150.0,853350.0,325200.0
O32.2,18,3.0,833986.5124,1324509.7143,490523.2019000001
O99.0,18,8.0,442650.0,929276.145,486626.145
T43.5,18,3.0,606900.0,1205550.0,598650.0
O83.8,18,3.0,483243.0092,808910.2933,325667.28410000005
N39.3,18,2.0,1036375.8678,1243133.3388,206757.47100000002
I85.0,18,5.0,688050.0,9416848.2886,8728798.2886
K92.0,17,5.0,730800.0,9416848.2886,8686048.2886
N76.4,17,6.0,711300.0,2179042.5481,1467742.5480999998
F23.9,17,3.0,1023600.0,1367250.0,343650.0
O61.9,17,2.0,833986.5124,929276.145,95289.63260000001
T43.0,17,5.0,606900.0,9416848.2886,8809948.2886
K80.4,17,7.0,869850.0,9416848.2886,8546998.2886
O46.9,17,8.0,442650.0,2179042.5481,1736392.5480999998
P05.1,17,9.0,158250.0,4218900.0,4060650.0
D25.0,17,4.0,658950.0,2302482.2589,1643532.2588999998
T81.0,16,10.0,691500.0,9416848.2886,8725348.2886
S27.21,16,7.0,0.0,18935781.0561,18935781.0561
E87.1,16,3.0,483900.0,1080900.0,597000.0
E11.7,16,11.0,598500.0,9416848.2886,8818348.2886
D50.8,16,3.0,697800.0,1358250.0,660450.0
O06.9,16,4.0,452400.0,1079733.4595,627333.4595000001
O99.5,16,7.0,442650.0,9416848.2886,8974198.2886
I46.0,16,6.0,867900.0,18935781.0561,18067881.0561
N70.9,16,8.0,711300.0,3415704.6045,2704404.6045
Z51.4,16,4.0,576000.0,3618579.3061,3042579.3061
S27.00,16,4.0,795900.0,18935781.0561,18139881.0561
T71,16,5.0,600900.0,18935781.0561,18334881.0561
F31.6,16,3.0,728100.0,1134150.0,406050.0
O36.6,16,6.0,442650.0,929276.145,486626.145
C20,16,5.0,1327500.0,5767045.0451,4439545.0451
N20.2,16,5.0,590250.0,1769572.1576,1179322.1576
K62.5,16,3.0,730800.0,1644300.0,913500.0
Z43.3,15,5.0,1010400.0,2585115.5154,1574715.5154
N62,15,5.0,1592744.3675,2369460.0312,776715.6637000002
D27,15,3.0,1152535.3859,1554887.3658,402351.9798999999
Z30.2,14,4.0,743712.1237,1152535.3859,408823.2622000001
O46.8,14,5.0,442650.0,929276.145,486626.145
D25.1,14,5.0,790050.0,2879882.4262,2089832.4262
K57.9,14,2.0,798450.0,1020000.0,221550.0
C61,13,4.0,847737.9874,2032629.785,1184891.7976
L02.2,13,7.0,628950.0,3693160.8351,3064210.8351
D29.1,13,6.0,847737.9874,2032629.785,1184891.7976
K55.0,12,5.0,938250.0,9416848.2886,8478598.2886
T39.3,12,4.0,606900.0,3417322.4251,2810422.4251
L02.3,12,5.0,628950.0,7156105.8008,6527155.8008
I21.2,12,4.0,877950.0,9416848.2886,8538898.2886
R55,12,2.0,773700.0,895800.0,122100.0
J44.8,12,3.0,730350.0,3417322.4251,2686972.4251
S02.00,12,4.0,993000.0,2208600.0,1215600.0
K56.6,12,8.0,712050.0,9416848.2886,8704798.2886
J12.3,12,3.0,1549200.0,9416848.2886,7867648.2886
P00.2,12,5.0,158250.0,3945300.0,3787050.0
N81.1,12,3.0,1036375.8678,1243133.3388,206757.47100000002
C23,12,4.0,1445850.0,9416848.2886,7970998.2886
N83.1,12,5.0,658950.0,2520564.474,1861614.474
R10.4,12,2.0,646050.0,821250.0,175200.0
P21.0,12,9.0,158250.0,11081850.0,10923600.0
J22,12,3.0,630450.0,1444200.0,813750.0
K82.8,12,3.0,869850.0,1855963.777,986113.777
E11.6,12,3.0,598500.0,1312950.0,714450.0
L89.9,12,8.0,728700.0,7156105.8008,6427405.8008
Z03.8,11,4.0,158250.0,1949312.0248,1791062.0248
I46.9,11,5.0,934650.0,3417322.4251,2482672.4251
T43.2,11,2.0,606900.0,744000.0,137100.0
J18.1,11,3.0,925800.0,3417322.4251,2491522.4251
K70.1,11,3.0,778500.0,1757700.0,979200.0
L90.5,11,3.0,1592744.3675,2957214.2503,1364469.8828
O33.9,11,2.0,833986.5124,1324509.7143,490523.2019000001
F25.9,11,4.0,516408.3313,1367250.0,850841.6687
D06.9,11,5.0,985050.0,2179042.5481,1193992.5480999998
K43.2,11,4.0,730800.0,5767045.0451,5036245.0451
P39.9,11,6.0,609600.0,3945300.0,3335700.0
T81.2,11,8.0,1152535.3859,9416848.2886,8264312.9026999995
J93.1,11,4.0,795900.0,3261526.3026,2465626.3026
K57.2,11,7.0,798450.0,9416848.2886,8618398.2886
I47.1,11,3.0,648750.0,1262100.0,613350.0
N84.0,11,5.0,658950.0,1818915.6855,1159965.6855
D41.0,11,4.0,769350.0,2108020.2244,1338670.2244000002
K83.0,11,5.0,869850.0,2585115.5154,1715265.5154
J21.1,10,2.0,517800.0,873150.0,355350.0
O36.4,10,6.0,483243.0092,1352659.7925,869416.7833
C34.9,10,2.0,1973550.0,6758769.0647,4785219.0647
C18.7,10,6.0,2020657.9127,5767045.0451,3746387.1323999995
I71.0,10,3.0,702450.0,1465650.0,763200.0
N80.1,10,5.0,658950.0,3693160.8351,3034210.8351
O23.1,10,1.0,442650.0,442650.0,0.0
K85.8,10,4.0,807150.0,1862400.0,1055250.0
N83.5,10,3.0,658950.0,1376118.191,717168.1910000001
F20.0,10,3.0,1023600.0,1367250.0,343650.0
O99.2,10,6.0,442650.0,929276.145,486626.145
E86,10,3.0,483900.0,1080900.0,597000.0
S06.60,10,3.0,993000.0,2208600.0,1215600.0
P39.1,10,3.0,158250.0,910650.0,752400.0
K61.2,10,4.0,730800.0,1438242.5015,707442.5015
J10.0,10,3.0,925800.0,9416848.2886,8491048.2886
N73.9,10,4.0,711300.0,1818915.6855,1107615.6855
C19,9,5.0,991950.0,9416848.2886,8424898.2886
T82.7,9,2.0,1207200.0,2224350.0,1017150.0
I83.2,9,4.0,702450.0,1591288.329,888838.3289999999
Z43.2,9,5.0,730800.0,2585115.5154,1854315.5154
O14.9,9,6.0,442650.0,1324509.7143,881859.7143000001
K25.1,9,3.0,2020657.9127,9416848.2886,7396190.375899999
K44.9,9,3.0,1758409.1956,2585115.5154,826706.3197999999
F31.2,9,3.0,728100.0,1455714.9638,727614.9638
O85,9,4.0,468600.0,1823930.9294,1355330.9294
R00.1,9,4.0,648750.0,4153107.2279,3504357.2279
P07.1,9,6.0,609600.0,4218900.0,3609300.0
O63.1,9,3.0,833986.5124,1324509.7143,490523.2019000001
E11.9,9,5.0,598500.0,2272552.578,1674052.5780000002
K21.9,9,4.0,688050.0,2020657.9127,1332607.9127
J00,9,2.0,455850.0,656700.0,200850.0
O24.1,9,3.0,442650.0,1324509.7143,881859.7143000001
S27.01,9,2.0,795900.0,1189650.0,393750.0
K22.2,9,3.0,688050.0,1498650.0,810600.0
G40.8,9,2.0,762900.0,955500.0,192600.0
O82.1,9,3.0,833986.5124,1324509.7143,490523.2019000001
O81.3,8,3.0,483243.0092,579665.1162,96422.10700000008
K43.0,8,3.0,1010400.0,1670237.9736,659837.9735999999
O44.1,8,5.0,442650.0,1324509.7143,881859.7143000001
N70.0,8,5.0,711300.0,3693160.8351,2981860.8351
E16.0,8,3.0,732750.0,1654500.0,921750.0
F32.3,8,2.0,618600.0,702300.0,83700.0
O70.9,8,4.0,483243.0092,771700.4198,288457.41060000006
T42.1,8,3.0,606900.0,1205550.0,598650.0
E87.5,8,2.0,730800.0,1080900.0,350100.0
O68.9,8,3.0,559765.923,1324509.7143,764743.7913000002
O14.2,8,4.0,833986.5124,1324509.7143,490523.2019000001
P21.9,8,7.0,609600.0,3945300.0,3335700.0
F09,8,3.0,872700.0,1262400.0,389700.0
O65.4,8,2.0,833986.5124,929276.145,95289.63260000001
C25.0,8,4.0,1145550.0,3919493.9352,2773943.9352
I44.1,8,5.0,848850.0,4428945.6379,3580095.6379000004
K59.0,8,2.0,730800.0,1010400.0,279600.0
K40.3,8,4.0,1092999.5883,9416848.2886,8323848.7003
J12.8,8,2.0,612600.0,1549200.0,936600.0
Z01.7,8,2.0,576000.0,1630050.0,1054050.0
T43.3,8,2.0,606900.0,744000.0,137100.0
R41.8,8,4.0,632400.0,1684636.5769,1052236.5769
A08.4,8,3.0,646050.0,1554887.3658,908837.3658
N17.8,8,3.0,706050.0,1769850.0,1063800.0
P70.0,8,3.0,158250.0,3945300.0,3787050.0
F31.8,8,3.0,728100.0,1134150.0,406050.0
I25.1,8,2.0,778800.0,1143750.0,364950.0
S36.41,7,5.0,1538385.5958,18935781.0561,17397395.4603
R41.0,7,2.0,632400.0,830400.0,198000.0
K72.0,7,4.0,1065150.0,9416848.2886,8351698.2886
I31.3,7,5.0,712800.0,6758769.0647,6045969.0647
S61.9,7,2.0,810150.0,927000.0,116850.0
L89.2,7,3.0,728700.0,2287800.0,1559100.0
R31,7,2.0,553200.0,769950.0,216750.0
N23,7,2.0,590250.0,789000.0,198750.0
A04.7,7,3.0,730800.0,1644300.0,913500.0
N21.0,7,5.0,590250.0,2677007.7247,2086757.7247000001
R56.0,7,2.0,762900.0,1341300.0,578400.0
N13.3,7,3.0,590250.0,1416078.3595,825828.3595
K92.1,7,3.0,730800.0,9416848.2886,8686048.2886
P28.4,7,4.0,158250.0,3135600.0,2977350.0
E87.6,7,3.0,483900.0,1080900.0,597000.0
T85.5,7,4.0,691500.0,3136306.9892,2444806.9892
J36,7,3.0,455850.0,1947855.9863,1492005.9863
O00.8,7,4.0,442650.0,3417322.4251,2974672.4251
O62.3,7,3.0,483243.0092,1324509.7143,841266.7051000001
O06.1,7,3.0,452400.0,1079733.4595,627333.4595000001
O10.9,7,2.0,442650.0,833986.5124,391336.5124
D25.2,7,3.0,1152535.3859,1818915.6855,666380.2995999998
O20.0,7,2.0,466050.0,1036375.8678,570325.8678
O21.0,7,1.0,442650.0,442650.0,0.0
O47.0,7,4.0,269850.0,1036375.8678,766525.8678
F32.1,7,1.0,489300.0,489300.0,0.0
O21.9,7,1.0,442650.0,442650.0,0.0
J21.8,7,3.0,517800.0,873150.0,355350.0
K63.1,7,4.0,1010400.0,9416848.2886,8406448.2886
T20.2,7,1.0,845700.0,845700.0,0.0
O23.4,7,2.0,442650.0,588450.0,145800.0
J20.8,7,2.0,630450.0,1444200.0,813750.0
D50.9,7,3.0,697800.0,1358250.0,660450.0
K64.8,7,3.0,730800.0,1010400.0,279600.0
Z33,7,2.0,576000.0,1630050.0,1054050.0
O26.6,7,4.0,442650.0,906900.0,464250.0
O42.1,7,5.0,483243.0092,1324509.7143,841266.7051000001
K46.9,7,3.0,1313993.8805,3415704.6045,2101710.724
O64.1,7,3.0,833986.5124,1324509.7143,490523.2019000001
C18.9,7,5.0,1327500.0,9416848.2886,8089348.2886
O81.0,7,4.0,483243.0092,808910.2933,325667.28410000005
K60.5,7,3.0,986870.5578,1644300.0,657429.4422
I47.2,6,3.0,848850.0,4153107.2279,3304257.2279
D37.4,6,4.0,1010400.0,5767045.0451,4756645.0451
J96.01,6,2.0,1851000.0,18935781.0561,17084781.0561
S51.9,6,2.0,810150.0,927000.0,116850.0
O42.2,6,3.0,833986.5124,1324509.7143,490523.2019000001
S06.80,6,4.0,993000.0,9416848.2886,8423848.2886
O47.1,6,2.0,269850.0,372600.0,102750.0
L03.2,6,1.0,628950.0,628950.0,0.0
J04.0,6,3.0,455850.0,1044900.0,589050.0
L05.0,6,3.0,903900.0,1592744.3675,688844.3674999999
P36.8,6,4.0,982800.0,4218900.0,3236100.0
P36.9,6,4.0,316650.0,3945300.0,3628650.0
O90.2,6,4.0,468600.0,1554887.3658,1086287.3658
C16.0,6,4.0,991950.0,2085900.0,1093950.0
K25.5,6,3.0,2020657.9127,18935781.0561,16915123.1434
K85.2,6,3.0,807150.0,1862400.0,1055250.0
K25.4,6,4.0,845250.0,9416848.2886,8571598.2886
O72.2,6,4.0,483243.0092,845634.8206,362391.8114
T85.4,6,3.0,1592744.3675,1650338.7804,57594.41290000011
T83.3,6,4.0,658950.0,1152535.3859,493585.3859000001
K52.9,6,3.0,646050.0,1086450.0,440400.0
K74.6,6,2.0,1757700.0,9416848.2886,7659148.2886
K72.9,6,3.0,1065150.0,3417322.4251,2352172.4251
I61.8,6,4.0,1713600.0,18935781.0561,17222181.0561
L02.4,6,2.0,628950.0,903900.0,274950.0
T81.8,6,5.0,1041000.0,18935781.0561,17894781.0561
K56.4,6,3.0,712050.0,5767045.0451,5054995.0451
J86.9,6,5.0,1434150.0,9416848.2886,7982698.2886
I60.9,6,4.0,1356450.0,3417322.4251,2060872.4251
J06.9,6,2.0,455850.0,656700.0,200850.0
N45.0,6,4.0,590250.0,1363499.1904,773249.1904
O44.0,6,4.0,442650.0,929276.145,486626.145
K70.3,6,3.0,778500.0,1757700.0,979200.0
N90.6,6,1.0,1036375.8678,1036375.8678,0.0
T23.2,6,4.0,845700.0,10220581.556,9374881.556
N95.0,6,3.0,845634.8206,1126500.0,280865.1794
K63.2,6,6.0,730800.0,7156105.8008,6425305.8008
J15.0,6,3.0,2282850.0,18935781.0561,16652931.0561
J15.2,6,2.0,2282850.0,9416848.2886,7133998.2886
J44.9,6,3.0,730350.0,1282650.0,552300.0
O33.4,6,2.0,833986.5124,929276.145,95289.63260000001
P92.8,6,4.0,158250.0,2404500.0,2246250.0
K64.9,6,3.0,730800.0,1438242.5015,707442.5015
K65.0,6,6.0,1064100.0,18935781.0561,17871681.0561
E16.2,6,2.0,861000.0,1312950.0,451950.0
S71.1,6,3.0,810150.0,1417500.0,607350.0
A50.1,5,3.0,982800.0,2404500.0,1421700.0
K91.4,5,5.0,730800.0,5767045.0451,5036245.0451
F31.5,5,2.0,728100.0,744750.0,16650.0
K38.8,5,3.0,730800.0,3693160.8351,2962360.8351
C56,5,2.0,1181400.0,1700250.0,518850.0
F60.3,5,2.0,645450.0,720600.0,75150.0
N81.2,5,1.0,1036375.8678,1036375.8678,0.0
A08.2,5,2.0,646050.0,821250.0,175200.0
A15.0,5,2.0,1434150.0,2282850.0,848700.0
F60.9,5,1.0,645450.0,645450.0,0.0
P35.8,5,2.0,1184850.0,2471550.0,1286700.0
S02.60,5,3.0,669300.0,2202500.9466,1533200.9466
K41.9,5,2.0,1092999.5883,1466392.5797,373392.99139999994
F63.9,5,2.0,645450.0,720600.0,75150.0
I85.9,5,3.0,688050.0,1498650.0,810600.0
R07.4,5,2.0,663600.0,777900.0,114300.0
I63.4,5,4.0,1060200.0,4428945.6379,3368745.6379000004
N35.9,5,4.0,938250.0,2677007.7247,1738757.7247000001
K81.1,5,1.0,1417049.0518,1417049.0518,0.0
S21.2,5,3.0,810150.0,1417500.0,607350.0
T18.1,5,2.0,730800.0,9416848.2886,8686048.2886
P39.3,5,4.0,762600.0,1184850.0,422250.0
S06.50,5,2.0,1377750.0,2208600.0,830850.0
D69.6,5,3.0,1448550.0,2391450.0,942900.0
O69.3,5,3.0,483243.0092,833986.5124,350743.50320000004
S00.8,5,1.0,810150.0,810150.0,0.0
O30.0,5,3.0,442650.0,2179042.5481,1736392.5480999998
O41.1,5,2.0,588450.0,1324509.7143,736059.7143000001
E11.0,5,3.0,598500.0,1312950.0,714450.0
K65.8,5,3.0,1397700.0,5767045.0451,4369345.0451
J10.1,5,3.0,455850.0,1044900.0,589050.0
T63.3,5,2.0,606900.0,2080679.0565,1473779.0565
O21.1,5,2.0,442650.0,906900.0,464250.0
I49.5,5,4.0,848850.0,4153107.2279,3304257.2279
I83.0,5,4.0,702450.0,2272552.578,1570102.5780000002
O48,5,3.0,483243.0092,833986.5124,350743.50320000004
O61.1,5,2.0,833986.5124,929276.145,95289.63260000001
F14.2,5,4.0,381750.0,1320750.0,939000.0
F14.3,5,3.0,516408.3313,559650.0,43241.66869999998
I11.0,5,2.0,712050.0,1512600.0,800550.0
L05.9,5,1.0,1592744.3675,1592744.3675,0.0
L03.8,5,3.0,628950.0,1470300.0,841350.0
N13.6,5,4.0,638700.0,3791847.8909,3153147.8909
F31.1,5,2.0,728100.0,744750.0,16650.0
R11,5,2.0,646050.0,821250.0,175200.0
I63.3,5,3.0,1060200.0,2002950.0,942750.0
O64.4,5,4.0,502980.4204,833986.5124,331006.092
J45.9,4,2.0,517800.0,873150.0,355350.0
J15.8,4,2.0,2282850.0,9416848.2886,7133998.2886
S36.11,4,1.0,8517178.2603,8517178.2603,0.0
S31.1,4,3.0,927000.0,5767045.0451,4840045.0451
J13,4,3.0,3417322.4251,18935781.0561,15518458.631
K76.9,4,2.0,801900.0,1834650.0,1032750.0
K51.0,4,2.0,798450.0,1020000.0,221550.0
I88.0,4,1.0,730800.0,730800.0,0.0
K22.1,4,2.0,688050.0,950850.0,262800.0
J12.2,4,2.0,612600.0,1549200.0,936600.0
K75.0,4,3.0,801900.0,8517178.2603,7715278.260299999
S27.11,4,1.0,795900.0,795900.0,0.0
S22.40,4,2.0,941100.0,1622100.0,681000.0
K40.2,4,2.0,1092999.5883,1644300.0,551300.4117
K80.1,4,2.0,869850.0,1417049.0518,547199.0518
N49.8,4,4.0,1292250.0,7156105.8008,5863855.8008
O02.8,4,2.0,442650.0,845634.8206,402984.8206
T27.3,4,2.0,3417322.4251,9416848.2886,5999525.863499999
T87.5,4,3.0,1157550.0,3858825.6632,2701275.6632
F22.0,4,3.0,795600.0,1304400.0,508800.0
T87.6,4,4.0,1157550.0,3558396.3803,2400846.3803
F41.0,4,1.0,528600.0,528600.0,0.0
F41.2,4,2.0,1023600.0,1025850.0,2250.0
F43.2,4,3.0,528600.0,880500.0,351900.0
N81.4,4,1.0,1036375.8678,1036375.8678,0.0
F63.8,4,2.0,645450.0,720600.0,75150.0
Q50.1,4,4.0,1152535.3859,2115785.7632,963250.3772999998
C25.9,4,3.0,1145550.0,3919493.9352,2773943.9352
T79.3,4,4.0,832800.0,3408424.4119,2575624.4119
N64.9,4,2.0,1609893.2657,2369460.0312,759566.7655
G40.3,4,2.0,762900.0,955500.0,192600.0
T85.8,4,2.0,1041000.0,5767045.0451,4726045.0451
C53.9,4,4.0,1036375.8678,1243133.3388,206757.47100000002
T38.3,4,2.0,606900.0,744000.0,137100.0
D64.8,4,2.0,916950.0,1358250.0,441300.0
O62.0,4,2.0,833986.5124,929276.145,95289.63260000001
O64.9,4,2.0,559765.923,833986.5124,274220.58940000006
D53.1,4,3.0,697800.0,1358250.0,660450.0
D57.1,4,2.0,697800.0,916950.0,219150.0
P92.3,4,3.0,158250.0,1312950.0,1154700.0
D62,4,3.0,697800.0,1358250.0,660450.0
D68.8,4,3.0,1448550.0,2391450.0,942900.0
O70.2,4,3.0,502980.4204,870387.4756,367407.0552
O68.8,4,4.0,808910.2933,1324509.7143,515599.4210000001
P96.8,4,3.0,158250.0,771450.0,613200.0
E11.2,4,2.0,938250.0,1432050.0,493800.0
O21.8,4,2.0,442650.0,588450.0,145800.0
E78.1,4,3.0,959250.0,1553250.0,594000.0
I81,4,2.0,801900.0,1834650.0,1032750.0
G40.4,4,3.0,762900.0,1341300.0,578400.0
T14.9,4,3.0,915000.0,2585850.0,1670850.0
M32.1,4,3.0,976350.0,2532600.0,1556250.0
A63.0,4,2.0,986870.5578,1036375.8678,49505.310000000056
R45.8,4,2.0,576000.0,1630050.0,1054050.0
N41.0,4,2.0,590250.0,1292250.0,702000.0
R59.0,4,2.0,744150.0,1165650.0,421500.0
L72.0,4,3.0,538500.0,2369460.0312,1830960.0312
A50.2,4,1.0,982800.0,982800.0,0.0
P04.4,4,4.0,158250.0,1044750.0,886500.0
I61.9,4,4.0,1356450.0,4991947.2021,3635497.2021000003
P38,4,2.0,158250.0,730800.0,572550.0
I62.0,4,2.0,2503050.0,18935781.0561,16432731.0561
L02.1,4,3.0,628950.0,9416848.2886,8787898.2886
Z54.8,4,3.0,576000.0,2321550.0,1745550.0
P29.3,4,3.0,751800.0,3945300.0,3193500.0
S37.30,4,4.0,769350.0,1545989.3526,776639.3526000001
K91.3,4,4.0,730800.0,2020657.9127,1289857.9127
S36.81,4,3.0,1554887.3658,8517178.2603,6962290.8944999995
S72.00,4,2.0,732000.0,901050.0,169050.0
O63.0,4,2.0,833986.5124,929276.145,95289.63260000001
R33,4,2.0,553200.0,1188300.0,635100.0
M95.0,4,2.0,1644352.8442,2957214.2503,1312861.4061
P00.0,4,2.0,158250.0,609600.0,451350.0
O99.7,4,2.0,442650.0,1592744.3675,1150094.3675
O82.2,4,3.0,833986.5124,1324509.7143,490523.2019000001
O86.0,4,2.0,468600.0,1170750.0,702150.0
M72.68,4,3.0,2080679.0565,7156105.8008,5075426.7443
O66.2,3,2.0,833986.5124,929276.145,95289.63260000001
O64.8,3,2.0,483243.0092,502980.4204,19737.41120000003
O75.7,3,1.0,483243.0092,483243.0092,0.0
P25.1,3,2.0,158250.0,2257021.5004,2098771.5004
K56.2,3,3.0,948150.0,5767045.0451,4818895.0451
K46.0,3,3.0,730800.0,5767045.0451,5036245.0451
P23.9,3,2.0,2257021.5004,2856747.5919,599726.0915000001
O73.1,3,3.0,483243.0092,1352659.7925,869416.7833
O69.1,3,1.0,483243.0092,483243.0092,0.0
O86.2,3,1.0,468600.0,468600.0,0.0
O71.3,3,2.0,579665.1162,1352659.7925,772994.6762999999
P78.8,3,1.0,730800.0,730800.0,0.0
O98.1,3,3.0,442650.0,559765.923,117115.92299999995
S11.9,3,2.0,810150.0,927000.0,116850.0
K43.5,3,3.0,1313993.8805,1644300.0,330306.11950000003
O99.4,3,3.0,502980.4204,906900.0,403919.5796
K52.8,3,2.0,646050.0,821250.0,175200.0
K51.9,3,3.0,798450.0,5767045.0451,4968595.0451
P78.3,3,1.0,730800.0,730800.0,0.0
P61.2,3,3.0,158250.0,7505550.0,7347300.0
Q21.1,3,3.0,1516350.0,3945300.0,2428950.0
K56.7,3,1.0,712050.0,712050.0,0.0
O62.2,3,2.0,483243.0092,929276.145,446033.13580000005
N28.0,3,2.0,938250.0,1432050.0,493800.0
R06.8,3,1.0,630450.0,630450.0,0.0
K66.1,3,2.0,730800.0,1644300.0,913500.0
N21.9,3,2.0,1545989.3526,1769572.1576,223582.80499999993
R10.0,3,1.0,646050.0,646050.0,0.0
N18.4,3,2.0,1050000.0,1769850.0,719850.0
R17,3,1.0,801900.0,801900.0,0.0
N13.1,3,3.0,789000.0,1769572.1576,980572.1576
N04.9,3,2.0,666000.0,1141500.0,475500.0
M72.65,3,2.0,9416848.2886,18935781.0561,9518932.7675
S00.1,3,1.0,637800.0,637800.0,0.0
S01.0,3,3.0,810150.0,1417500.0,607350.0
S06.10,3,1.0,993000.0,993000.0,0.0
S01.8,3,2.0,810150.0,2520564.474,1710414.474
K75.4,3,2.0,801900.0,1834650.0,1032750.0
K76.8,3,3.0,2897840.2348,9416848.2886,6519008.0538
S02.20,3,3.0,644100.0,5834022.8174,5189922.8174
K65.9,3,2.0,1064100.0,2227500.0,1163400.0
Q90.9,3,2.0,1262400.0,3135600.0,1873200.0
N47,3,1.0,865048.6677,865048.6677,0.0
O15.0,3,2.0,833986.5124,1324509.7143,490523.2019000001
O61.8,3,1.0,833986.5124,833986.5124,0.0
O40,3,2.0,833986.5124,929276.145,95289.63260000001
O34.4,3,3.0,906900.0,1243133.3388,336233.3388
S06.61,3,3.0,1377750.0,2208600.0,830850.0
K60.3,3,2.0,986870.5578,1438242.5015,451371.94370000006
O32.5,3,2.0,929276.145,1324509.7143,395233.5693000001
O16,3,3.0,442650.0,906900.0,464250.0
O06.3,3,2.0,833986.5124,845634.8206,11648.30819999997
N75.0,3,2.0,1036375.8678,1243133.3388,206757.47100000002
O04.4,3,3.0,845634.8206,1823930.9294,978296.1088
O03.0,3,2.0,1079733.4595,1823930.9294,744197.4698999999
K62.3,3,2.0,986870.5578,1438242.5015,451371.94370000006
O01.9,3,2.0,845634.8206,1079733.4595,234098.63890000014
N99.3,3,3.0,658950.0,1152535.3859,493585.3859000001
N76.8,3,2.0,1038750.0,2467499.9587,1428749.9586999998
K64.3,3,2.0,986870.5578,1438242.5015,451371.94370000006
N81.6,3,3.0,986870.5578,1243133.3388,256262.78100000008
A02.0,3,2.0,730800.0,1644300.0,913500.0
D37.6,3,1.0,1834650.0,1834650.0,0.0
I80.8,3,2.0,985800.0,1465650.0,479850.0
T82.4,3,1.0,1207200.0,1207200.0,0.0
I25.2,3,3.0,696000.0,1143750.0,447750.0
F19.2,3,3.0,381750.0,763500.0,381750.0
T82.8,3,3.0,1207200.0,3109936.5137,1902736.5137
T83.0,3,3.0,820800.0,1416078.3595,595278.3595
J01.9,3,2.0,455850.0,1044900.0,589050.0
I13.2,3,2.0,942450.0,1512600.0,570150.0
J03.9,3,2.0,455850.0,656700.0,200850.0
T83.8,3,3.0,820800.0,1769572.1576,948772.1576
J06.8,3,2.0,455850.0,656700.0,200850.0
T24.2,3,3.0,845700.0,3345329.409,2499629.409
J14,3,2.0,2282850.0,9416848.2886,7133998.2886
J15.5,3,1.0,2282850.0,2282850.0,0.0
J15.6,3,2.0,2282850.0,18935781.0561,16652931.0561
F31.4,3,1.0,728100.0,728100.0,0.0
J20.4,3,2.0,630450.0,1444200.0,813750.0
Z01.8,3,1.0,576000.0,576000.0,0.0
C25.2,3,2.0,1987050.0,3919493.9352,1932443.9352000002
C24.9,3,3.0,1445850.0,8517178.2603,7071328.260299999
C24.1,3,2.0,1445850.0,8517178.2603,7071328.260299999
Z03.1,3,3.0,576000.0,2321550.0,1745550.0
I82.2,3,3.0,599700.0,1442400.0,842700.0
I80.3,3,2.0,599700.0,935700.0,336000.0
J44.0,3,1.0,1282650.0,1282650.0,0.0
I33.0,3,2.0,3423150.0,9416848.2886,5993698.2886
E05.9,3,2.0,732750.0,1049100.0,316350.0
I61.1,3,3.0,1684636.5769,18935781.0561,17251144.479199998
I61.2,3,2.0,1356450.0,2202500.9466,846050.9465999999
T45.0,3,2.0,606900.0,744000.0,137100.0
I61.5,3,3.0,2202500.9466,3417322.4251,1214821.4785000002
I63.2,3,2.0,1336350.0,2002950.0,666600.0
S41.1,3,2.0,810150.0,1417500.0,607350.0
E27.1,3,3.0,732750.0,9416848.2886,8684098.2886
E51.2,3,2.0,861000.0,1684636.5769,823636.5769
T42.7,3,2.0,606900.0,744000.0,137100.0
E83.5,3,3.0,483900.0,1080900.0,597000.0
D37.7,3,3.0,1010400.0,8517178.2603,7506778.260299999
G51.0,3,2.0,964800.0,1027950.0,63150.0
I45.3,3,3.0,1262100.0,4153107.2279,2891007.2279
F10.0,3,3.0,381750.0,1320750.0,939000.0
T78.0,3,2.0,417600.0,975000.0,557400.0
I44.7,3,2.0,848850.0,1262100.0,413250.0
S36.80,3,2.0,0.0,2585115.5154,2585115.5154
D17.0,3,3.0,1345703.164,1975197.1542,629493.9901999999
T29.2,3,3.0,554100.0,10220581.556,9666481.556
S36.71,3,3.0,0.0,2585115.5154,2585115.5154
Z03.3,3,2.0,576000.0,1630050.0,1054050.0
T22.2,3,1.0,845700.0,845700.0,0.0
S26.01,3,2.0,3145852.1307,6758769.0647,3612916.934
J94.8,3,2.0,850500.0,1444200.0,593700.0
K26.9,3,2.0,845250.0,1074300.0,229050.0
K04.7,3,2.0,669300.0,979800.0,310500.0
H02.4,3,2.0,1312861.406,1592744.3675,279882.9615
A49.8,3,3.0,1184850.0,9416848.2886,8231998.2886
K27.1,3,3.0,2020657.9127,9416848.2886,7396190.375899999
S21.1,3,2.0,810150.0,927000.0,116850.0
B02.9,3,2.0,728700.0,1183950.0,455250.0
S22.00,3,2.0,816600.0,1039800.0,223200.0
S27.20,3,3.0,795900.0,1826100.0,1030200.0
S20.2,3,2.0,810150.0,927000.0,116850.0
J98.1,3,1.0,1444200.0,1444200.0,0.0
C18.2,3,2.0,2020657.9127,5767045.0451,3746387.1323999995
A08.3,3,1.0,821250.0,821250.0,0.0
K22.6,3,2.0,688050.0,950850.0,262800.0
G93.4,3,1.0,1733400.0,1733400.0,0.0
F50.0,3,1.0,2242650.0,2242650.0,0.0
C16.3,3,3.0,1327500.0,2585115.5154,1257615.5154
Z53.0,3,2.0,576000.0,1630050.0,1054050.0
J80,3,2.0,3417322.4251,9416848.2886,5999525.863499999
T14.0,3,2.0,810150.0,1417500.0,607350.0
T07,3,1.0,915000.0,915000.0,0.0
F43.1,3,3.0,528600.0,880500.0,351900.0
J84.9,3,2.0,1798500.0,3417322.4251,1618822.4251
F84.9,3,2.0,872700.0,976650.0,103950.0
C16.1,3,3.0,2020657.9127,2585115.5154,564457.6026999999
C15.5,3,2.0,1327500.0,5767045.0451,4439545.0451
G43.9,3,2.0,759600.0,921150.0,161550.0
J85.2,3,2.0,1096350.0,1434150.0,337800.0
T37.8,2,1.0,606900.0,606900.0,0.0
E88.8,2,2.0,1553250.0,3618579.3061,2065329.3061000002
F05.9,2,2.0,976650.0,1262400.0,285750.0
N64.8,2,2.0,1609893.2657,1650338.7804,40445.51469999994
G41.0,2,2.0,762900.0,1341300.0,578400.0
N60.4,2,2.0,538500.0,1609893.2657,1071393.2657
F06.8,2,2.0,976650.0,1262400.0,285750.0
N81.9,2,2.0,1036375.8678,1152535.3859,116159.5181000001
G41.8,2,2.0,9416848.2886,18935781.0561,9518932.7675
O21.2,2,2.0,442650.0,906900.0,464250.0
E27.4,2,2.0,1049100.0,1654500.0,605400.0
O22.3,2,1.0,442650.0,442650.0,0.0
Q68.8,2,2.0,1598100.0,3135600.0,1537500.0
G41.9,2,2.0,3417322.4251,9416848.2886,5999525.863499999
O24.0,2,2.0,442650.0,906900.0,464250.0
T44.7,2,2.0,606900.0,1205550.0,598650.0
T11.1,2,1.0,810150.0,810150.0,0.0
N44,2,2.0,1363499.1904,1607142.9708,243643.78040000005
E10.5,2,2.0,1465650.0,1591288.329,125638.32899999991
Q03.9,2,2.0,1068900.0,7505550.0,6436650.0
O26.8,2,2.0,483243.0092,2108020.2244,1624777.2152000002
E04.1,2,2.0,1440669.2324,1654500.0,213830.7675999999
E22.2,2,1.0,1654500.0,1654500.0,0.0
F14.5,2,2.0,381750.0,559650.0,177900.0
O12.0,2,1.0,442650.0,442650.0,0.0
O08.8,2,2.0,1376118.191,1818915.6855,442797.4944999998
N82.3,2,2.0,1644300.0,5767045.0451,4122745.0450999998
N83.0,2,1.0,658950.0,658950.0,0.0
F41.9,2,1.0,528600.0,528600.0,0.0
F33.9,2,1.0,489300.0,489300.0,0.0
N83.8,2,2.0,658950.0,2179042.5481,1520092.5480999998
N84.1,2,2.0,1036375.8678,1152535.3859,116159.5181000001
N85.1,2,1.0,1152535.3859,1152535.3859,0.0
E03.9,2,2.0,1036375.8678,1049100.0,12724.132199999993
F60.2,2,2.0,645450.0,1188750.0,543300.0
Q31.5,2,2.0,383550.0,644100.0,260550.0
T24.0,2,2.0,554100.0,845700.0,291600.0
F60.7,2,2.0,645450.0,720600.0,75150.0
N80.9,2,2.0,845634.8206,1395370.256,549735.4354000001
F60.8,2,1.0,645450.0,645450.0,0.0
F23.2,2,2.0,1023600.0,1025850.0,2250.0
F84.0,2,2.0,872700.0,976650.0,103950.0
T18.5,2,1.0,1010400.0,1010400.0,0.0
T24.3,2,2.0,1611300.0,9416848.2886,7805548.2886
F20.5,2,2.0,1023600.0,1367250.0,343650.0
O02.0,2,1.0,845634.8206,845634.8206,0.0
T28.0,2,2.0,941100.0,9416848.2886,8475748.2886
O03.5,2,2.0,845634.8206,1079733.4595,234098.63890000014
T17.9,2,2.0,1444200.0,9416848.2886,7972648.2886
T17.8,2,2.0,1444200.0,5683241.9388,4239041.9388
N70.1,2,2.0,1376118.191,1395370.256,19252.064999999944
O06.0,2,2.0,845634.8206,1079733.4595,234098.63890000014
F14.0,2,2.0,528000.0,3417322.4251,2889322.4251
F13.0,2,2.0,381750.0,763350.0,381600.0
F12.2,2,2.0,528000.0,1320750.0,792750.0
P92.9,2,2.0,598500.0,1312950.0,714450.0
Q51.2,2,2.0,658950.0,790050.0,131100.0
D73.5,2,2.0,744150.0,2374650.0,1630500.0
C65,2,2.0,0.0,1050000.0,1050000.0
O99.1,2,2.0,588450.0,906900.0,318450.0
P52.0,2,2.0,2404500.0,4218900.0,1814400.0
Z04.8,2,1.0,576000.0,576000.0,0.0
C15.1,2,2.0,1327500.0,4311491.8634,2983991.8634
C18.0,2,1.0,5767045.0451,5767045.0451,0.0
C18.3,2,2.0,2585115.5154,5767045.0451,3181929.5297
C18.6,2,2.0,1327500.0,2585115.5154,1257615.5154
C22.1,2,1.0,1445850.0,1445850.0,0.0
C24.0,2,1.0,8517178.2603,8517178.2603,0.0
P61.6,2,2.0,609600.0,2404500.0,1794900.0
P70.1,2,1.0,158250.0,158250.0,0.0
C34.1,2,1.0,1973550.0,1973550.0,0.0
C44.3,2,2.0,1345703.164,1592744.3675,247041.20349999983
O72.1,2,2.0,502980.4204,1324509.7143,821529.2939000002
O72.0,2,2.0,1324509.7143,1352659.7925,28150.078199999873
P74.1,2,2.0,609600.0,1684636.5769,1075036.5769
O71.4,2,2.0,502980.4204,771700.4198,268719.99940000003
Z43.0,2,1.0,1444200.0,1444200.0,0.0
B02.3,2,2.0,637800.0,878850.0,241050.0
B00.2,2,1.0,669300.0,669300.0,0.0
Z59.7,2,1.0,158250.0,158250.0,0.0
A04.9,2,2.0,730800.0,1644300.0,913500.0
P27.1,2,2.0,850500.0,1444200.0,593700.0
P29.1,2,1.0,158250.0,158250.0,0.0
P24.0,2,1.0,3945300.0,3945300.0,0.0
P23.0,2,2.0,1096350.0,1434150.0,337800.0
Z76.8,2,2.0,576000.0,1630050.0,1054050.0
A16.2,2,1.0,1434150.0,1434150.0,0.0
Z54.0,2,2.0,1630050.0,2321550.0,691500.0
Z43.5,2,2.0,938250.0,1064525.946,126275.946
P20.9,2,1.0,316650.0,316650.0,0.0
P15.8,2,1.0,158250.0,158250.0,0.0
A41.0,2,1.0,2104800.0,2104800.0,0.0
A41.5,2,2.0,1148250.0,9416848.2886,8268598.2886
P08.1,2,1.0,158250.0,158250.0,0.0
A49.0,2,1.0,2471550.0,2471550.0,0.0
P39.8,2,2.0,762600.0,1184850.0,422250.0
T85.7,2,2.0,1041000.0,2014650.0,973650.0
C66,2,1.0,1769850.0,1769850.0,0.0
O33.1,2,1.0,833986.5124,833986.5124,0.0
C77.9,2,2.0,1287000.0,3618579.3061,2331579.3061
T65.9,2,1.0,606900.0,606900.0,0.0
T65.8,2,1.0,606900.0,606900.0,0.0
D40.0,2,1.0,1763748.0035,1763748.0035,0.0
D40.1,2,2.0,1363499.1904,1665546.2939,302047.10349999997
D41.4,2,2.0,938250.0,2677007.7247,1738757.7247000001
D47.9,2,2.0,2002200.0,2851570.566,849370.5660000001
D48.3,2,2.0,1554887.3658,1644300.0,89412.63419999997
D48.6,2,1.0,1609893.2657,1609893.2657,0.0
T54.2,2,2.0,1205550.0,9416848.2886,8211298.2886
O36.8,2,1.0,442650.0,442650.0,0.0
T52.4,2,2.0,744000.0,1205550.0,461550.0
O36.3,2,2.0,442650.0,833986.5124,391336.5124
D61.9,2,2.0,916950.0,1358250.0,441300.0
T50.9,2,2.0,606900.0,1205550.0,598650.0
D69.3,2,1.0,1448550.0,1448550.0,0.0
T50.5,2,2.0,606900.0,1205550.0,598650.0
T49.2,2,1.0,606900.0,606900.0,0.0
O60.3,2,1.0,833986.5124,833986.5124,0.0
D37.5,2,2.0,2020657.9127,2585115.5154,564457.6026999999
T75.4,2,1.0,600900.0,600900.0,0.0
P90,2,2.0,316650.0,762900.0,446250.0
C78.2,2,2.0,999150.0,1973550.0,974400.0
P81.8,2,1.0,158250.0,158250.0,0.0
C78.6,2,2.0,1327500.0,2085900.0,758400.0
C79.3,2,2.0,976800.0,1611150.0,634350.0
C80.0,2,2.0,1287000.0,2002200.0,715200.0
C85.9,2,2.0,1284150.0,4311491.8634,3027341.8634
P81.9,2,2.0,528150.0,751800.0,223650.0
T82.1,2,2.0,1207200.0,2224350.0,1017150.0
T78.2,2,2.0,417600.0,1684636.5769,1267036.5769
C92.9,2,1.0,3012450.0,3012450.0,0.0
O66.0,2,2.0,559765.923,833986.5124,274220.58940000006
T79.6,2,2.0,1592744.3675,7156105.8008,5563361.433300001
O64.5,2,2.0,833986.5124,929276.145,95289.63260000001
D13.6,2,2.0,1061250.0,2897840.2348,1836590.2348000002
D17.2,2,2.0,1345703.164,1975197.1542,629493.9901999999
D17.3,2,1.0,1975197.1542,1975197.1542,0.0
T01.3,2,2.0,2080679.0565,9416848.2886,7336169.2321
J96.19,2,2.0,1444200.0,18935781.0561,17491581.0561
L02.8,2,2.0,2080679.0565,3408424.4119,1327745.3554000002
I15.0,2,1.0,1147650.0,1147650.0,0.0
L72.1,2,2.0,538500.0,796800.0,258300.0
L73.2,2,2.0,1312500.0,1592744.3675,280244.36749999993
S32.80,2,2.0,1452900.0,18935781.0561,17482881.0561
L89.1,2,2.0,2287800.0,3408424.4119,1120624.4119000002
S51.7,2,2.0,927000.0,2520564.474,1593564.474
I49.4,2,2.0,848850.0,4153107.2279,3304257.2279
J12.0,2,2.0,612600.0,1549200.0,936600.0
K66.8,2,2.0,1010400.0,2115785.7632,1105385.7632
S31.8,2,2.0,730800.0,2020657.9127,1289857.9127
J16.8,2,2.0,612600.0,1549200.0,936600.0
S61.7,2,2.0,810150.0,927000.0,116850.0
M35.0,2,1.0,1299450.0,1299450.0,0.0
J18.0,2,1.0,612600.0,612600.0,0.0
J20.6,2,1.0,1444200.0,1444200.0,0.0
I35.0,2,1.0,1516350.0,1516350.0,0.0
K64.2,2,1.0,986870.5578,986870.5578,0.0
K63.8,2,2.0,730800.0,5767045.0451,5036245.0451
S06.51,2,2.0,2208600.0,3417322.4251,1208722.4251
I34.0,2,2.0,1010850.0,9416848.2886,8405998.2886
J39.0,2,1.0,656700.0,656700.0,0.0
M62.89,2,2.0,721500.0,1012050.0,290550.0
K86.1,2,1.0,807150.0,807150.0,0.0
K62.8,2,2.0,730800.0,1644300.0,913500.0
J40,2,2.0,850500.0,9416848.2886,8566348.2886
J43.9,2,2.0,730350.0,1282650.0,552300.0
S31.0,2,2.0,927000.0,1554887.3658,627887.3658
J84.8,2,1.0,1798500.0,1798500.0,0.0
K59.3,2,2.0,1644300.0,2202500.9466,558200.9465999999
I20.9,2,2.0,663600.0,994800.0,331200.0
I51.5,2,2.0,712800.0,1443300.0,730500.0
S36.01,2,2.0,0.0,8517178.2603,8517178.2603
S06.00,2,1.0,1031400.0,1031400.0,0.0
S39.9,2,1.0,915000.0,915000.0,0.0
K86.2,2,2.0,1061250.0,1862400.0,801150.0
S02.30,2,2.0,637800.0,878850.0,241050.0
K90.4,2,2.0,730800.0,1010400.0,279600.0
I71.4,2,1.0,1465650.0,1465650.0,0.0
S02.10,2,1.0,993000.0,993000.0,0.0
I71.3,2,2.0,985800.0,1465650.0,479850.0
I71.2,2,2.0,702450.0,1465650.0,763200.0
K91.8,2,2.0,1010400.0,5767045.0451,4756645.0451
S37.01,2,2.0,3791847.8909,9416848.2886,5625000.3977
S36.90,2,2.0,1010400.0,1554887.3658,544487.3658
S02.80,2,1.0,721500.0,721500.0,0.0
I69.3,2,2.0,1068900.0,1595250.0,526350.0
I74.3,2,2.0,3417322.4251,5285419.8565,1868097.4313999997
G61.0,2,2.0,3289950.0,9416848.2886,6126898.2886
K76.6,2,1.0,1834650.0,1834650.0,0.0
L02.9,2,2.0,628950.0,903900.0,274950.0
S41.7,2,2.0,810150.0,927000.0,116850.0
S05.8,2,1.0,878850.0,878850.0,0.0
I77.8,2,2.0,702450.0,9416848.2886,8714398.2886
S45.0,2,2.0,3109936.5137,5285419.8565,2175483.3427999998
S45.1,2,2.0,2520564.474,5285419.8565,2764855.3825
S45.7,2,2.0,3109936.5137,5285419.8565,2175483.3427999998
S36.50,2,2.0,1644300.0,2585115.5154,940815.5153999999
S36.40,2,2.0,2115785.7632,5767045.0451,3651259.2819
I82.8,2,2.0,702450.0,3417322.4251,2714872.4251
S36.31,2,1.0,5767045.0451,5767045.0451,0.0
I51.7,2,2.0,712800.0,4153107.2279,3440307.2279
S00.0,2,1.0,810150.0,810150.0,0.0
M86.97,2,1.0,1909837.2025,1909837.2025,0.0
K63.0,2,2.0,1395370.256,1397700.0,2329.743999999948
S82.11,2,2.0,695550.0,913650.0,218100.0
N13.5,2,1.0,1769572.1576,1769572.1576,0.0
R21,2,2.0,538500.0,796800.0,258300.0
K42.1,2,1.0,2020657.9127,2020657.9127,0.0
S81.9,2,2.0,810150.0,2080679.0565,1270529.0565
N17.0,2,2.0,706050.0,9416848.2886,8710798.2886
S09.8,2,1.0,993000.0,993000.0,0.0
S27.10,2,1.0,795900.0,795900.0,0.0
K12.2,2,1.0,1031198.8419,1031198.8419,0.0
H44.0,2,2.0,597450.0,910650.0,313200.0
K43.3,2,2.0,1538385.5958,1644300.0,105914.40419999999
S92.00,2,1.0,913650.0,913650.0,0.0
S11.8,2,2.0,810150.0,9416848.2886,8606698.2886
K52.3,2,1.0,1086450.0,1086450.0,0.0
N18.9,2,2.0,1050000.0,1769850.0,719850.0
K26.0,2,2.0,1570200.0,4991947.2021,3421747.2021000003
G93.8,2,2.0,917400.0,1595250.0,677850.0
K20,2,2.0,688050.0,1498650.0,810600.0
S90.1,2,2.0,1909837.2025,2455851.6505,546014.4480000001
K21.0,2,2.0,1498650.0,2020657.9127,522007.9127
G93.9,2,2.0,917400.0,1595250.0,677850.0
K51.8,2,2.0,798450.0,1020000.0,221550.0
G95.2,2,2.0,1553100.0,2461500.0,908400.0
N28.1,2,2.0,769350.0,1769572.1576,1000222.1576
K50.1,2,2.0,1542300.0,5767045.0451,4224745.0451
S19.8,2,2.0,810150.0,9416848.2886,8606698.2886
N30.9,2,2.0,638700.0,1191900.0,553200.0
J98.8,2,1.0,850500.0,850500.0,0.0
P28.5,2,2.0,630450.0,1444200.0,813750.0
K31.8,2,2.0,1644300.0,5767045.0451,4122745.0450999998
S81.0,2,2.0,810150.0,1417500.0,607350.0
K31.1,2,2.0,2020657.9127,4311491.8634,2290833.9507
I05.2,2,1.0,1516350.0,1516350.0,0.0
N28.8,2,2.0,1064525.946,1769572.1576,705046.2116
R02,2,2.0,1465650.0,2272552.578,806902.5780000002
N32.3,2,1.0,1432050.0,1432050.0,0.0
K41.3,2,2.0,1466392.5797,2585115.5154,1118722.9357
J98.2,2,2.0,1189650.0,1826100.0,636450.0
Z92.2,1,1.0,2321550.0,2321550.0,0.0
S15.8,1,1.0,4137576.1503,4137576.1503,0.0
S37.10,1,1.0,1769572.1576,1769572.1576,0.0
S02.90,1,1.0,1012050.0,1012050.0,0.0
Z95.5,1,1.0,2321550.0,2321550.0,0.0
P83.1,1,1.0,158250.0,158250.0,0.0
S11.0,1,1.0,9416848.2886,9416848.2886,0.0
S10.9,1,1.0,644100.0,644100.0,0.0
T78.3,1,1.0,417600.0,417600.0,0.0
Z60.8,1,1.0,158250.0,158250.0,0.0
S36.51,1,1.0,18935781.0561,18935781.0561,0.0
S21.9,1,1.0,927000.0,927000.0,0.0
T78.4,1,1.0,417600.0,417600.0,0.0
S05.4,1,1.0,637800.0,637800.0,0.0
P91.8,1,1.0,1131300.0,1131300.0,0.0
P91.2,1,1.0,1733400.0,1733400.0,0.0
Z65.3,1,1.0,158250.0,158250.0,0.0
S36.60,1,1.0,2020657.9127,2020657.9127,0.0
T81.5,1,1.0,1187803.8747,1187803.8747,0.0
S20.8,1,1.0,1417500.0,1417500.0,0.0
S05.9,1,1.0,637800.0,637800.0,0.0
T81.1,1,1.0,9416848.2886,9416848.2886,0.0
T79.4,1,1.0,1076250.0,1076250.0,0.0
P54.2,1,1.0,730800.0,730800.0,0.0
Z50.9,1,1.0,2242950.0,2242950.0,0.0
S36.20,1,1.0,8517178.2603,8517178.2603,0.0
Z51.8,1,1.0,1630050.0,1630050.0,0.0
S31.2,1,1.0,590250.0,590250.0,0.0
Z41.1,1,1.0,1609893.2657,1609893.2657,0.0
Z35.4,1,1.0,833986.5124,833986.5124,0.0
Z35.3,1,1.0,442650.0,442650.0,0.0
Z34.0,1,1.0,576000.0,576000.0,0.0
S30.8,1,1.0,1187803.8747,1187803.8747,0.0
Z03.5,1,1.0,777900.0,777900.0,0.0
Z20.8,1,1.0,158250.0,158250.0,0.0
S27.30,1,1.0,850500.0,850500.0,0.0
Z03.6,1,1.0,576000.0,576000.0,0.0
S29.9,1,1.0,630450.0,630450.0,0.0
S29.7,1,1.0,941100.0,941100.0,0.0
P52.3,1,1.0,1356450.0,1356450.0,0.0
Z04.1,1,1.0,600900.0,600900.0,0.0
P55.0,1,1.0,158250.0,158250.0,0.0
S27.81,1,1.0,4405487.2394,4405487.2394,0.0
P54.8,1,1.0,600900.0,600900.0,0.0
Z43.1,1,1.0,1010400.0,1010400.0,0.0
S06.91,1,1.0,18935781.0561,18935781.0561,0.0
S09.2,1,1.0,644100.0,644100.0,0.0
S32.51,1,1.0,711900.0,711900.0,0.0
S36.10,1,1.0,2217546.6781,2217546.6781,0.0
P80.8,1,1.0,158250.0,158250.0,0.0
S35.3,1,1.0,5285419.8565,5285419.8565,0.0
P54.3,1,1.0,627450.0,627450.0,0.0
Z48.8,1,1.0,576000.0,576000.0,0.0
S32.70,1,1.0,1039800.0,1039800.0,0.0
T83.5,1,1.0,1689450.0,1689450.0,0.0
Z45.2,1,1.0,2321550.0,2321550.0,0.0
S31.4,1,1.0,1036375.8678,1036375.8678,0.0
S06.30,1,1.0,3417322.4251,3417322.4251,0.0
P77,1,1.0,2404500.0,2404500.0,0.0
T90.5,1,1.0,917400.0,917400.0,0.0
S32.00,1,1.0,816600.0,816600.0,0.0
Z43.6,1,1.0,938250.0,938250.0,0.0
P74.0,1,1.0,598500.0,598500.0,0.0
Z00.8,1,1.0,576000.0,576000.0,0.0
S37.11,1,1.0,5767045.0451,5767045.0451,0.0
T00.9,1,1.0,927000.0,927000.0,0.0
T74.0,1,1.0,1104750.0,1104750.0,0.0
Q33.0,1,1.0,383550.0,383550.0,0.0
S85.1,1,1.0,985800.0,985800.0,0.0
R20.1,1,1.0,917400.0,917400.0,0.0
T21.1,1,1.0,845700.0,845700.0,0.0
S81.8,1,1.0,927000.0,927000.0,0.0
T21.2,1,1.0,845700.0,845700.0,0.0
S81.7,1,1.0,1417500.0,1417500.0,0.0
Q42.3,1,1.0,316650.0,316650.0,0.0
Q40.9,1,1.0,1010400.0,1010400.0,0.0
Q40.0,1,1.0,730800.0,730800.0,0.0
Q37.1,1,1.0,3945300.0,3945300.0,0.0
T22.1,1,1.0,845700.0,845700.0,0.0
Q33.6,1,1.0,850500.0,850500.0,0.0
R22.2,1,1.0,850500.0,850500.0,0.0
P92.0,1,1.0,598500.0,598500.0,0.0
T23.0,1,1.0,845700.0,845700.0,0.0
R23.0,1,1.0,712800.0,712800.0,0.0
S79.8,1,1.0,721500.0,721500.0,0.0
S79.7,1,1.0,1598100.0,1598100.0,0.0
R23.8,1,1.0,538500.0,538500.0,0.0
Q30.9,1,1.0,1644352.8442,1644352.8442,0.0
T25.2,1,1.0,554100.0,554100.0,0.0
R32,1,1.0,1036375.8678,1036375.8678,0.0
T27.2,1,1.0,9416848.2886,9416848.2886,0.0
T27.7,1,1.0,5834022.8174,5834022.8174,0.0
Q27.9,1,1.0,702450.0,702450.0,0.0
S75.8,1,1.0,5285419.8565,5285419.8565,0.0
S85.2,1,1.0,2520564.474,2520564.474,0.0
T20.1,1,1.0,845700.0,845700.0,0.0
S85.8,1,1.0,2520564.474,2520564.474,0.0
S86.1,1,1.0,721500.0,721500.0,0.0
Q87.0,1,1.0,1085400.0,1085400.0,0.0
R00.2,1,1.0,648750.0,648750.0,0.0
Q79.0,1,1.0,316650.0,316650.0,0.0
T09.8,1,1.0,1598100.0,1598100.0,0.0
Q74.8,1,1.0,721500.0,721500.0,0.0
Q69.0,1,1.0,158250.0,158250.0,0.0
R01.1,1,1.0,817350.0,817350.0,0.0
S99.9,1,1.0,2080679.0565,2080679.0565,0.0
Q62.1,1,1.0,4110073.2003,4110073.2003,0.0
Q62.0,1,1.0,383550.0,383550.0,0.0
R04.0,1,1.0,613050.0,613050.0,0.0
Q61.0,1,1.0,1769572.1576,1769572.1576,0.0
T11.4,1,1.0,985800.0,985800.0,0.0
T13.0,1,1.0,810150.0,810150.0,0.0
T13.8,1,1.0,3417322.4251,3417322.4251,0.0
T17.3,1,1.0,644100.0,644100.0,0.0
S91.3,1,1.0,2272552.578,2272552.578,0.0
Q60.3,1,1.0,769350.0,769350.0,0.0
Q54.1,1,1.0,158250.0,158250.0,0.0
R10.1,1,1.0,646050.0,646050.0,0.0
T18.2,1,1.0,1187803.8747,1187803.8747,0.0
S15.2,1,1.0,1465650.0,1465650.0,0.0
S88.9,1,1.0,9416848.2886,9416848.2886,0.0
T18.9,1,1.0,1010400.0,1010400.0,0.0
T20.0,1,1.0,1611300.0,1611300.0,0.0
S72.40,1,1.0,732000.0,732000.0,0.0
R44.2,1,1.0,872700.0,872700.0,0.0
Q25.1,1,1.0,1516350.0,1516350.0,0.0
R90.8,1,1.0,917400.0,917400.0,0.0
Q03.8,1,1.0,917400.0,917400.0,0.0
P94.1,1,1.0,771450.0,771450.0,0.0
T46.2,1,1.0,3417322.4251,3417322.4251,0.0
S00.2,1,1.0,637800.0,637800.0,0.0
T46.5,1,1.0,606900.0,606900.0,0.0
S00.3,1,1.0,810150.0,810150.0,0.0
T48.5,1,1.0,606900.0,606900.0,0.0
S42.20,1,1.0,695550.0,695550.0,0.0
T50.6,1,1.0,744000.0,744000.0,0.0
S42.00,1,1.0,1390050.0,1390050.0,0.0
T52.0,1,1.0,606900.0,606900.0,0.0
T52.1,1,1.0,606900.0,606900.0,0.0
T52.8,1,1.0,1205550.0,1205550.0,0.0
S41.0,1,1.0,2080679.0565,2080679.0565,0.0
T54.3,1,1.0,606900.0,606900.0,0.0
T56.8,1,1.0,516408.3313,516408.3313,0.0
P92.1,1,1.0,158250.0,158250.0,0.0
T59.8,1,1.0,606900.0,606900.0,0.0
S39.6,1,1.0,658950.0,658950.0,0.0
S37.21,1,1.0,2879882.4262,2879882.4262,0.0
T60.0,1,1.0,744000.0,744000.0,0.0
T60.1,1,1.0,606900.0,606900.0,0.0
T60.4,1,1.0,606900.0,606900.0,0.0
T63.4,1,1.0,606900.0,606900.0,0.0
S37.20,1,1.0,1251060.6596,1251060.6596,0.0
R98,1,1.0,2321550.0,2321550.0,0.0
R65.3,1,1.0,835800.0,835800.0,0.0
T28.7,1,1.0,1644300.0,1644300.0,0.0
R60.9,1,1.0,3417322.4251,3417322.4251,0.0
Q25.0,1,1.0,3135600.0,3135600.0,0.0
R45.1,1,1.0,528600.0,528600.0,0.0
R45.6,1,1.0,576000.0,576000.0,0.0
Q24.5,1,1.0,1010850.0,1010850.0,0.0
T29.1,1,1.0,845700.0,845700.0,0.0
R50.8,1,1.0,853350.0,853350.0,0.0
Q22.8,1,1.0,3945300.0,3945300.0,0.0
T36.1,1,1.0,744000.0,744000.0,0.0
T36.8,1,1.0,606900.0,606900.0,0.0
S70.1,1,1.0,927000.0,927000.0,0.0
S61.8,1,1.0,927000.0,927000.0,0.0
T39.0,1,1.0,606900.0,606900.0,0.0
S60.9,1,1.0,927000.0,927000.0,0.0
T40.5,1,1.0,744000.0,744000.0,0.0
R57.2,1,1.0,835800.0,835800.0,0.0
T40.7,1,1.0,606900.0,606900.0,0.0
T42.3,1,1.0,606900.0,606900.0,0.0
R60.0,1,1.0,830400.0,830400.0,0.0
R60.1,1,1.0,830400.0,830400.0,0.0
S51.8,1,1.0,927000.0,927000.0,0.0
S50.8,1,1.0,810150.0,810150.0,0.0
S49.8,1,1.0,1345703.164,1345703.164,0.0
T43.4,1,1.0,744000.0,744000.0,0.0
Q17.5,1,1.0,1644352.8442,1644352.8442,0.0
Q06.8,1,1.0,3945300.0,3945300.0,0.0
S12.70,1,1.0,816600.0,816600.0,0.0
M32.9,1,1.0,2532600.0,2532600.0,0.0
P27.8,1,1.0,630450.0,630450.0,0.0
F20.2,1,1.0,1367250.0,1367250.0,0.0
F23.8,1,1.0,1023600.0,1023600.0,0.0
F25.2,1,1.0,1023600.0,1023600.0,0.0
F30.1,1,1.0,728100.0,728100.0,0.0
F30.2,1,1.0,744750.0,744750.0,0.0
F30.9,1,1.0,744750.0,744750.0,0.0
F31.0,1,1.0,728100.0,728100.0,0.0
F31.7,1,1.0,728100.0,728100.0,0.0
F41.1,1,1.0,528600.0,528600.0,0.0
F60.1,1,1.0,645450.0,645450.0,0.0
F60.4,1,1.0,645450.0,645450.0,0.0
F68.1,1,1.0,720600.0,720600.0,0.0
F71.1,1,1.0,872700.0,872700.0,0.0
F84.1,1,1.0,976650.0,976650.0,0.0
F93.9,1,1.0,874350.0,874350.0,0.0
G00.2,1,1.0,9416848.2886,9416848.2886,0.0
G00.8,1,1.0,18935781.0561,18935781.0561,0.0
G21.0,1,1.0,1068900.0,1068900.0,0.0
G21.1,1,1.0,976800.0,976800.0,0.0
G25.3,1,1.0,1068900.0,1068900.0,0.0
G25.8,1,1.0,1611150.0,1611150.0,0.0
G31.8,1,1.0,1146150.0,1146150.0,0.0
F20.6,1,1.0,1023600.0,1023600.0,0.0
F20.1,1,1.0,1023600.0,1023600.0,0.0
G40.5,1,1.0,1341300.0,1341300.0,0.0
F19.5,1,1.0,516408.3313,516408.3313,0.0
E46,1,1.0,598500.0,598500.0,0.0
E61.1,1,1.0,598500.0,598500.0,0.0
E66.0,1,1.0,2020657.9127,2020657.9127,0.0
E71.3,1,1.0,1181550.0,1181550.0,0.0
E78.2,1,1.0,1181550.0,1181550.0,0.0
E83.1,1,1.0,1181550.0,1181550.0,0.0
E87.2,1,1.0,483900.0,483900.0,0.0
E88.2,1,1.0,1592744.3675,1592744.3675,0.0
F03,1,1.0,976650.0,976650.0,0.0
F06.1,1,1.0,872700.0,872700.0,0.0
F06.2,1,1.0,1262400.0,1262400.0,0.0
F06.7,1,1.0,976650.0,976650.0,0.0
F07.0,1,1.0,976650.0,976650.0,0.0
F10.1,1,1.0,528000.0,528000.0,0.0
F10.2,1,1.0,381750.0,381750.0,0.0
F10.3,1,1.0,381750.0,381750.0,0.0
F10.5,1,1.0,763500.0,763500.0,0.0
F11.2,1,1.0,559650.0,559650.0,0.0
F14.1,1,1.0,528000.0,528000.0,0.0
F16.0,1,1.0,608100.0,608100.0,0.0
F17.2,1,1.0,576000.0,576000.0,0.0
G31.9,1,1.0,1146150.0,1146150.0,0.0
G43.1,1,1.0,759600.0,759600.0,0.0
E23.0,1,1.0,1049100.0,1049100.0,0.0
I42.2,1,1.0,1396650.0,1396650.0,0.0
I45.1,1,1.0,848850.0,848850.0,0.0
I45.6,1,1.0,648750.0,648750.0,0.0
I48.1,1,1.0,848850.0,848850.0,0.0
I48.3,1,1.0,848850.0,848850.0,0.0
I49.8,1,1.0,9523139.1011,9523139.1011,0.0
I49.9,1,1.0,648750.0,648750.0,0.0
I51.3,1,1.0,1443300.0,1443300.0,0.0
I51.4,1,1.0,712800.0,712800.0,0.0
I51.8,1,1.0,712800.0,712800.0,0.0
I60.2,1,1.0,9416848.2886,9416848.2886,0.0
I60.6,1,1.0,1713600.0,1713600.0,0.0
I60.8,1,1.0,2503050.0,2503050.0,0.0
I61.0,1,1.0,9416848.2886,9416848.2886,0.0
I61.4,1,1.0,1356450.0,1356450.0,0.0
I63.9,1,1.0,1336350.0,1336350.0,0.0
I65.2,1,1.0,1019100.0,1019100.0,0.0
I66.3,1,1.0,1019100.0,1019100.0,0.0
I69.4,1,1.0,1068900.0,1068900.0,0.0
I69.8,1,1.0,1068900.0,1068900.0,0.0
I70.20,1,1.0,985800.0,985800.0,0.0
I71.1,1,1.0,985800.0,985800.0,0.0
I44.0,1,1.0,848850.0,848850.0,0.0
I42.0,1,1.0,918600.0,918600.0,0.0
G44.2,1,1.0,921150.0,921150.0,0.0
I30.9,1,1.0,712800.0,712800.0,0.0
G45.3,1,1.0,1040250.0,1040250.0,0.0
G45.4,1,1.0,1131300.0,1131300.0,0.0
G51.9,1,1.0,964800.0,964800.0,0.0
G61.9,1,1.0,1475400.0,1475400.0,0.0
G92,1,1.0,1733400.0,1733400.0,0.0
G97.1,1,1.0,759600.0,759600.0,0.0
H10.3,1,1.0,878850.0,878850.0,0.0
H33.2,1,1.0,878850.0,878850.0,0.0
H40.2,1,1.0,1548739.6476,1548739.6476,0.0
H54.0,1,1.0,878850.0,878850.0,0.0
H60.1,1,1.0,644100.0,644100.0,0.0
H65.4,1,1.0,455850.0,455850.0,0.0
H81.1,1,1.0,741300.0,741300.0,0.0
H81.3,1,1.0,830550.0,830550.0,0.0
H81.8,1,1.0,741300.0,741300.0,0.0
H81.9,1,1.0,741300.0,741300.0,0.0
H91.9,1,1.0,644100.0,644100.0,0.0
I11.9,1,1.0,808500.0,808500.0,0.0
I13.0,1,1.0,1512600.0,1512600.0,0.0
I21.3,1,1.0,877950.0,877950.0,0.0
I26.0,1,1.0,1443300.0,1443300.0,0.0
E31.0,1,1.0,1654500.0,1654500.0,0.0
E16.1,1,1.0,1654500.0,1654500.0,0.0
I71.8,1,1.0,1684636.5769,1684636.5769,0.0
B34.8,1,1.0,779850.0,779850.0,0.0
B37.7,1,1.0,2104800.0,2104800.0,0.0
B44.9,1,1.0,18935781.0561,18935781.0561,0.0
B67.8,1,1.0,3919493.9352,3919493.9352,0.0
B87.0,1,1.0,1312500.0,1312500.0,0.0
C15.0,1,1.0,5767045.0451,5767045.0451,0.0
C15.9,1,1.0,2085900.0,2085900.0,0.0
C16.2,1,1.0,2085900.0,2085900.0,0.0
C18.1,1,1.0,2085900.0,2085900.0,0.0
C18.4,1,1.0,2585115.5154,2585115.5154,0.0
C22.0,1,1.0,8517178.2603,8517178.2603,0.0
C25.3,1,1.0,3919493.9352,3919493.9352,0.0
C43.5,1,1.0,1345703.164,1345703.164,0.0
C43.7,1,1.0,1627203.946,1627203.946,0.0
C43.9,1,1.0,1183950.0,1183950.0,0.0
C44.2,1,1.0,796800.0,796800.0,0.0
C44.6,1,1.0,1591288.329,1591288.329,0.0
C45.9,1,1.0,2002200.0,2002200.0,0.0
C48.2,1,1.0,2585115.5154,2585115.5154,0.0
C49.3,1,1.0,1703888.6418,1703888.6418,0.0
C50.2,1,1.0,1609893.2657,1609893.2657,0.0
C53.0,1,1.0,3791847.8909,3791847.8909,0.0
B35.4,1,1.0,538500.0,538500.0,0.0
B24,1,1.0,909900.0,909900.0,0.0
C60.1,1,1.0,2677007.7247,2677007.7247,0.0
B22.2,1,1.0,909900.0,909900.0,0.0
A05.9,1,1.0,1644300.0,1644300.0,0.0
A06.0,1,1.0,730800.0,730800.0,0.0
A15.1,1,1.0,1434150.0,1434150.0,0.0
A15.3,1,1.0,2282850.0,2282850.0,0.0
A15.6,1,1.0,9416848.2886,9416848.2886,0.0
A16.9,1,1.0,1096350.0,1096350.0,0.0
A18.4,1,1.0,9416848.2886,9416848.2886,0.0
A19.2,1,1.0,2471550.0,2471550.0,0.0
A37.0,1,1.0,1549200.0,1549200.0,0.0
A38,1,1.0,762600.0,762600.0,0.0
A41.1,1,1.0,835800.0,835800.0,0.0
A48.1,1,1.0,18935781.0561,18935781.0561,0.0
A49.1,1,1.0,1184850.0,1184850.0,0.0
A49.9,1,1.0,762600.0,762600.0,0.0
A50.0,1,1.0,982800.0,982800.0,0.0
A52.3,1,1.0,1611150.0,1611150.0,0.0
A52.7,1,1.0,1184850.0,1184850.0,0.0
A54.1,1,1.0,1243133.3388,1243133.3388,0.0
B08.4,1,1.0,509400.0,509400.0,0.0
B16.9,1,1.0,1834650.0,1834650.0,0.0
B20.0,1,1.0,2274750.0,2274750.0,0.0
C54.1,1,1.0,1181400.0,1181400.0,0.0
C60.9,1,1.0,1777499.4785,1777499.4785,0.0
E14.1,1,1.0,598500.0,598500.0,0.0
D38.1,1,1.0,1444200.0,1444200.0,0.0
D43.0,1,1.0,1068900.0,1068900.0,0.0
D43.1,1,1.0,917400.0,917400.0,0.0
D44.1,1,1.0,1697902.7057,1697902.7057,0.0
D46.4,1,1.0,1358250.0,1358250.0,0.0
D47.1,1,1.0,2002200.0,2002200.0,0.0
D48.4,1,1.0,2115785.7632,2115785.7632,0.0
D48.7,1,1.0,1554887.3658,1554887.3658,0.0
D50.0,1,1.0,916950.0,916950.0,0.0
D52.9,1,1.0,697800.0,697800.0,0.0
D53.9,1,1.0,697800.0,697800.0,0.0
D59.1,1,1.0,1358250.0,1358250.0,0.0
D61.8,1,1.0,1358250.0,1358250.0,0.0
D68.3,1,1.0,2391450.0,2391450.0,0.0
D68.9,1,1.0,1762950.0,1762950.0,0.0
D69.2,1,1.0,1762950.0,1762950.0,0.0
D69.4,1,1.0,1762950.0,1762950.0,0.0
D70,1,1.0,1906050.0,1906050.0,0.0
D72.8,1,1.0,744150.0,744150.0,0.0
D89.1,1,1.0,3012450.0,3012450.0,0.0
E04.0,1,1.0,1049100.0,1049100.0,0.0
E10.6,1,1.0,598500.0,598500.0,0.0
D39.7,1,1.0,1376118.191,1376118.191,0.0
D37.1,1,1.0,2585115.5154,2585115.5154,0.0
C62.9,1,1.0,1136250.0,1136250.0,0.0
D35.2,1,1.0,1654500.0,1654500.0,0.0
C71.0,1,1.0,1146150.0,1146150.0,0.0
C76.3,1,1.0,1554887.3658,1554887.3658,0.0
C77.0,1,1.0,9416848.2886,9416848.2886,0.0
C78.7,1,1.0,1987050.0,1987050.0,0.0
C91.0,1,1.0,6813900.0,6813900.0,0.0
C91.1,1,1.0,1784400.0,1784400.0,0.0
C91.7,1,1.0,1944458.5631,1944458.5631,0.0
C95.9,1,1.0,1284150.0,1284150.0,0.0
D02.2,1,1.0,9416848.2886,9416848.2886,0.0
D03.6,1,1.0,2052690.7603,2052690.7603,0.0
D05.0,1,1.0,1609893.2657,1609893.2657,0.0
D06.0,1,1.0,1036375.8678,1036375.8678,0.0
D12.4,1,1.0,2585115.5154,2585115.5154,0.0
D12.6,1,1.0,2585115.5154,2585115.5154,0.0
D16.8,1,1.0,5767045.0451,5767045.0451,0.0
D17.7,1,1.0,1554887.3658,1554887.3658,0.0
D18.0,1,1.0,712800.0,712800.0,0.0
D20.0,1,1.0,1554887.3658,1554887.3658,0.0
D21.6,1,1.0,1592744.3675,1592744.3675,0.0
D24,1,1.0,1650338.7804,1650338.7804,0.0
D28.2,1,1.0,1152535.3859,1152535.3859,0.0
I71.5,1,1.0,1465650.0,1465650.0,0.0
I73.0,1,1.0,2532600.0,2532600.0,0.0
P25.2,1,1.0,751800.0,751800.0,0.0
N36.2,1,1.0,1064525.946,1064525.946,0.0
N41.2,1,1.0,590250.0,590250.0,0.0
N43.3,1,1.0,943189.402,943189.402,0.0
N46,1,1.0,943189.402,943189.402,0.0
N48.3,1,1.0,590250.0,590250.0,0.0
N49.2,1,1.0,1607142.9708,1607142.9708,0.0
N51.1,1,1.0,590250.0,590250.0,0.0
N71.9,1,1.0,9416848.2886,9416848.2886,0.0
N73.5,1,1.0,1152535.3859,1152535.3859,0.0
N75.8,1,1.0,1243133.3388,1243133.3388,0.0
N76.0,1,1.0,711300.0,711300.0,0.0
N85.7,1,1.0,658950.0,658950.0,0.0
N87.1,1,1.0,1376118.191,1376118.191,0.0
N87.2,1,1.0,1152535.3859,1152535.3859,0.0
N90.1,1,1.0,1243133.3388,1243133.3388,0.0
N92.1,1,1.0,658950.0,658950.0,0.0
N92.6,1,1.0,790050.0,790050.0,0.0
N94.8,1,1.0,3693160.8351,3693160.8351,0.0
O00.2,1,1.0,1818915.6855,1818915.6855,0.0
O03.1,1,1.0,845634.8206,845634.8206,0.0
O04.1,1,1.0,845634.8206,845634.8206,0.0
O04.9,1,1.0,452400.0,452400.0,0.0
N39.4,1,1.0,1036375.8678,1036375.8678,0.0
N36.0,1,1.0,1064525.946,1064525.946,0.0
O08.9,1,1.0,1152535.3859,1152535.3859,0.0
N35.8,1,1.0,2599675.9006,2599675.9006,0.0
M70.56,1,1.0,721500.0,721500.0,0.0
M72.64,1,1.0,2927446.3515,2927446.3515,0.0
M72.66,1,1.0,1299450.0,1299450.0,0.0
M79.66,1,1.0,694350.0,694350.0,0.0
M86.98,1,1.0,2778600.0,2778600.0,0.0
M94.08,1,1.0,630450.0,630450.0,0.0
N12,1,1.0,638700.0,638700.0,0.0
N13.0,1,1.0,2108020.2244,2108020.2244,0.0
N13.8,1,1.0,2879882.4262,2879882.4262,0.0
N13.9,1,1.0,938250.0,938250.0,0.0
N15.1,1,1.0,855150.0,855150.0,0.0
N15.8,1,1.0,1141500.0,1141500.0,0.0
N18.3,1,1.0,1769850.0,1769850.0,0.0
N20.9,1,1.0,1769572.1576,1769572.1576,0.0
N21.1,1,1.0,789000.0,789000.0,0.0
N25.8,1,1.0,1432050.0,1432050.0,0.0
N26,1,1.0,2108020.2244,2108020.2244,0.0
N27.0,1,1.0,2108020.2244,2108020.2244,0.0
N30.4,1,1.0,1432050.0,1432050.0,0.0
N30.8,1,1.0,855150.0,855150.0,0.0
N32.8,1,1.0,1251060.6596,1251060.6596,0.0
O06.6,1,1.0,1079733.4595,1079733.4595,0.0
O15.1,1,1.0,1324509.7143,1324509.7143,0.0
M65.95,1,1.0,1012050.0,1012050.0,0.0
O74.5,1,1.0,483243.0092,483243.0092,0.0
O75.0,1,1.0,559765.923,559765.923,0.0
O75.4,1,1.0,833986.5124,833986.5124,0.0
O75.6,1,1.0,559765.923,559765.923,0.0
O81.1,1,1.0,559765.923,559765.923,0.0
O84.2,1,1.0,929276.145,929276.145,0.0
O86.8,1,1.0,718500.0,718500.0,0.0
O90.1,1,1.0,1036375.8678,1036375.8678,0.0
O90.9,1,1.0,1152535.3859,1152535.3859,0.0
O91.1,1,1.0,1609893.2657,1609893.2657,0.0
O91.2,1,1.0,468600.0,468600.0,0.0
O98.4,1,1.0,833986.5124,833986.5124,0.0
O98.8,1,1.0,588450.0,588450.0,0.0
P00.8,1,1.0,751800.0,751800.0,0.0
P02.5,1,1.0,1309200.0,1309200.0,0.0
P03.2,1,1.0,158250.0,158250.0,0.0
P07.2,1,1.0,316650.0,316650.0,0.0
P12.0,1,1.0,158250.0,158250.0,0.0
P13.3,1,1.0,158250.0,158250.0,0.0
P13.4,1,1.0,158250.0,158250.0,0.0
P14.3,1,1.0,383550.0,383550.0,0.0
P23.8,1,1.0,1434150.0,1434150.0,0.0
O74.6,1,1.0,833986.5124,833986.5124,0.0
O73.0,1,1.0,764582.0092,764582.0092,0.0
O23.5,1,1.0,442650.0,442650.0,0.0
O71.8,1,1.0,833986.5124,833986.5124,0.0
O24.3,1,1.0,442650.0,442650.0,0.0
O26.2,1,1.0,929276.145,929276.145,0.0
O26.9,1,1.0,1036375.8678,1036375.8678,0.0
O28.0,1,1.0,442650.0,442650.0,0.0
O28.3,1,1.0,833986.5124,833986.5124,0.0
O28.4,1,1.0,442650.0,442650.0,0.0
O31.8,1,1.0,929276.145,929276.145,0.0
O36.0,1,1.0,771700.4198,771700.4198,0.0
O41.8,1,1.0,833986.5124,833986.5124,0.0
O47.9,1,1.0,269850.0,269850.0,0.0
O62.8,1,1.0,833986.5124,833986.5124,0.0
O66.1,1,1.0,929276.145,929276.145,0.0
O66.5,1,1.0,929276.145,929276.145,0.0
O66.8,1,1.0,833986.5124,833986.5124,0.0
O67.8,1,1.0,833986.5124,833986.5124,0.0
O69.0,1,1.0,1324509.7143,1324509.7143,0.0
O69.2,1,1.0,1324509.7143,1324509.7143,0.0
O69.9,1,1.0,833986.5124,833986.5124,0.0
O70.3,1,1.0,833986.5124,833986.5124,0.0
O71.2,1,1.0,483243.0092,483243.0092,0.0
O71.5,1,1.0,929276.145,929276.145,0.0
M66.06,1,1.0,1012050.0,1012050.0,0.0
M62.86,1,1.0,1012050.0,1012050.0,0.0
I73.9,1,1.0,3858825.6632,3858825.6632,0.0
J47,1,1.0,730350.0,730350.0,0.0
J85.1,1,1.0,1096350.0,1096350.0,0.0
J93.0,1,1.0,795900.0,795900.0,0.0
J96.11,1,1.0,1444200.0,1444200.0,0.0
J96.99,1,1.0,850500.0,850500.0,0.0
J98.4,1,1.0,1444200.0,1444200.0,0.0
K08.8,1,1.0,669300.0,669300.0,0.0
K11.7,1,1.0,644100.0,644100.0,0.0
K22.0,1,1.0,2585115.5154,2585115.5154,0.0
K22.3,1,1.0,1498650.0,1498650.0,0.0
K22.8,1,1.0,688050.0,688050.0,0.0
K25.0,1,1.0,1570200.0,1570200.0,0.0
K25.6,1,1.0,9416848.2886,9416848.2886,0.0
K26.3,1,1.0,1570200.0,1570200.0,0.0
K26.4,1,1.0,1570200.0,1570200.0,0.0
K26.7,1,1.0,845250.0,845250.0,0.0
K27.5,1,1.0,5767045.0451,5767045.0451,0.0
K28.5,1,1.0,5767045.0451,5767045.0451,0.0
K29.5,1,1.0,1074300.0,1074300.0,0.0
K29.8,1,1.0,1570200.0,1570200.0,0.0
K38.3,1,1.0,730800.0,730800.0,0.0
K40.0,1,1.0,1092999.5883,1092999.5883,0.0
J85.0,1,1.0,2282850.0,2282850.0,0.0
J45.0,1,1.0,873150.0,873150.0,0.0
K44.0,1,1.0,4405487.2394,4405487.2394,0.0
J35.1,1,1.0,644100.0,644100.0,0.0
I74.0,1,1.0,1465650.0,1465650.0,0.0
I74.2,1,1.0,985800.0,985800.0,0.0
I74.5,1,1.0,985800.0,985800.0,0.0
I77.5,1,1.0,3858825.6632,3858825.6632,0.0
I78.1,1,1.0,1345703.164,1345703.164,0.0
I80.0,1,1.0,702450.0,702450.0,0.0
I80.1,1,1.0,599700.0,599700.0,0.0
I82.3,1,1.0,769350.0,769350.0,0.0
I82.9,1,1.0,985800.0,985800.0,0.0
I86.4,1,1.0,985800.0,985800.0,0.0
I87.2,1,1.0,985800.0,985800.0,0.0
I88.9,1,1.0,2374650.0,2374650.0,0.0
I98.3,1,1.0,3417322.4251,3417322.4251,0.0
J01.4,1,1.0,656700.0,656700.0,0.0
J02.8,1,1.0,455850.0,455850.0,0.0
J02.9,1,1.0,455850.0,455850.0,0.0
J05.0,1,1.0,656700.0,656700.0,0.0
J10.8,1,1.0,656700.0,656700.0,0.0
J15.1,1,1.0,2282850.0,2282850.0,0.0
J18.8,1,1.0,1549200.0,1549200.0,0.0
J30.4,1,1.0,455850.0,455850.0,0.0
K43.6,1,1.0,1670237.9736,1670237.9736,0.0
K45.8,1,1.0,1670237.9736,1670237.9736,0.0
M60.08,1,1.0,4311491.8634,4311491.8634,0.0
K92.9,1,1.0,2020657.9127,2020657.9127,0.0
L03.0,1,1.0,2455851.6505,2455851.6505,0.0
L03.9,1,1.0,903900.0,903900.0,0.0
L04.8,1,1.0,744150.0,744150.0,0.0
L08.9,1,1.0,628950.0,628950.0,0.0
L28.2,1,1.0,538500.0,538500.0,0.0
L29.0,1,1.0,796800.0,796800.0,0.0
L40.8,1,1.0,2287800.0,2287800.0,0.0
L50.0,1,1.0,538500.0,538500.0,0.0
L50.1,1,1.0,538500.0,538500.0,0.0
L50.9,1,1.0,538500.0,538500.0,0.0
L51.2,1,1.0,1183950.0,1183950.0,0.0
L91.0,1,1.0,1592744.3675,1592744.3675,0.0
L97,1,1.0,2287800.0,2287800.0,0.0
L98.8,1,1.0,1312500.0,1312500.0,0.0
M00.92,1,1.0,1361850.0,1361850.0,0.0
M21.67,1,1.0,1598100.0,1598100.0,0.0
M25.46,1,1.0,721500.0,721500.0,0.0
M47.84,1,1.0,1583850.0,1583850.0,0.0
M48.44,1,1.0,1277250.0,1277250.0,0.0
M54.59,1,1.0,816600.0,816600.0,0.0
M60.05,1,1.0,1598100.0,1598100.0,0.0
L01.0,1,1.0,628950.0,628950.0,0.0
K91.1,1,1.0,5767045.0451,5767045.0451,0.0
K50.0,1,1.0,798450.0,798450.0,0.0
K91.0,1,1.0,4311491.8634,4311491.8634,0.0
K52.2,1,1.0,646050.0,646050.0,0.0
K55.1,1,1.0,1768050.0,1768050.0,0.0
K55.8,1,1.0,1184850.0,1184850.0,0.0
K55.9,1,1.0,3417322.4251,3417322.4251,0.0
K56.0,1,1.0,712050.0,712050.0,0.0
K57.0,1,1.0,1542300.0,1542300.0,0.0
K60.0,1,1.0,730800.0,730800.0,0.0
K61.4,1,1.0,986870.5578,986870.5578,0.0
K63.5,1,1.0,2020657.9127,2020657.9127,0.0
K66.0,1,1.0,3693160.8351,3693160.8351,0.0
K70.9,1,1.0,1037700.0,1037700.0,0.0
K71.8,1,1.0,1065150.0,1065150.0,0.0
K74.5,1,1.0,1757700.0,1757700.0,0.0
K76.0,1,1.0,1065150.0,1065150.0,0.0
K77.0,1,1.0,3919493.9352,3919493.9352,0.0
K82.4,1,1.0,1855963.777,1855963.777,0.0
K83.3,1,1.0,9416848.2886,9416848.2886,0.0
K83.9,1,1.0,1724250.0,1724250.0,0.0
K85.0,1,1.0,807150.0,807150.0,0.0
K86.0,1,1.0,1061250.0,1061250.0,0.0
K86.8,1,1.0,1862400.0,1862400.0,0.0
Z98.8,1,1.0,1630050.0,1630050.0,0.0
